id,title,description_preview,brand,original_category,original_category_name,new_category,new_category_name,confidence,score,matched_keyword,match_source,changed,priority
abracadabra-coffee-cups-set-xUdyr3,Abracadabra Coffee Cups Set,"Wonder expressed in images. Abracadabra is brought to the table by the graphic design studio La Tigre, directed by Luisa Milani and Walter Molteni, wh...",BITOSSI,6049,Home & Garden > Kitchen & Dining > Tableware > Drinkware > Coffee & Tea Cups,6049,Home & Garden > Kitchen & Dining > Tableware > Drinkware > Coffee & Tea Cups,HIGH,106.7,coffee cups,Keyword Match (title),NO,LOW
abracadabra-destino-dinner-plate-ZwL71a,Abracadabra Destino Dinner Plate,"Wonder expressed in images. Abracadabra is brought to the table by the graphic design studio La Tigre, directed by Luisa Milani and Walter Molteni, wh...",BITOSSI,3553,Home & Garden > Kitchen & Dining > Tableware > Dinnerware > Plates,3553,Home & Garden > Kitchen & Dining > Tableware > Dinnerware > Plates,HIGH,118.9,dinner plate,Keyword Match (title),NO,LOW
abracadabra-incanto-deep-plate-f6f3Fa,Abracadabra Incanto Deep Plate,"Wonder expressed in images. Abracadabra is brought to the table by the graphic design studio La Tigre, directed by Luisa Milani and Walter Molteni, wh...",BITOSSI,3553,Home & Garden > Kitchen & Dining > Tableware > Dinnerware > Plates,3498,Home & Garden > Kitchen & Dining > Tableware > Dinnerware > Bowls,HIGH,114.5,deep plate,Keyword Match (title),YES,LOW
abracadabra-round-serving-plate-okCZ5Q,Abracadabra Round Serving Plate,"Wonder expressed in images. Abracadabra is brought to the table by the graphic design studio La Tigre, directed by Luisa Milani and Walter Molteni, wh...",BITOSSI,3553,Home & Garden > Kitchen & Dining > Tableware > Dinnerware > Plates,3553,Home & Garden > Kitchen & Dining > Tableware > Dinnerware > Plates,HIGH,118.35,serving plate,Keyword Match (title),NO,LOW
abracadabra-striped-dessert-plate-WWoXWn,Abracadabra Striped Dessert Plate,"Wonder expressed in images. Abracadabra is brought to the table by the graphic design studio La Tigre, directed by Luisa Milani and Walter Molteni, wh...",BITOSSI,3553,Home & Garden > Kitchen & Dining > Tableware > Dinnerware > Plates,3553,Home & Garden > Kitchen & Dining > Tableware > Dinnerware > Plates,HIGH,116.1,dessert plate,Keyword Match (title),NO,LOW
apple-squared-trinket-tray-eHcdjZ,Apple Squared Trinket Tray,"Il Frutto della Passione is a collaboration between Bitossi Home and Pangea, a creative fusion of art, fashion, and performance debuting at Milan Desi...",BITOSSI,6456,Home & Garden > Decor > Decorative Trays,6456,Home & Garden > Decor > Decorative Trays,HIGH,107.65,trinket tray,Keyword Match (title),NO,LOW
aquamarine-hobnail-jug-tall-KMO9Fr,Aquamarine Hobnail Jug Tall,Bring the warmth and glow to the dining table with this tall Aquamarine pitcher.Premium features such as the slender curved handle give you a comforta...,KLIMCHI,3330,Home & Garden > Kitchen & Dining > Tableware > Serveware > Serving Pitchers & Carafes,3330,Home & Garden > Kitchen & Dining > Tableware > Serveware > Serving Pitchers & Carafes,HIGH,81.225,jug,Keyword Match (title),NO,LOW
aquamarine-hobnail-tumblers-set-of-6-LbUM2N,Set of 6 Aquamarine Hobnail Tumblers,"With the lively shade of blue and green, KLIMCHI Aquamarine Tumblers are perfect for serving fresh drinks at your garden party or family reunion. The ...",KLIMCHI,2951,Home & Garden > Kitchen & Dining > Tableware > Drinkware > Tumblers,3553,Home & Garden > Kitchen & Dining > Tableware > Dinnerware > Plates,HIGH,93.6,set,Keyword Match (title),YES,LOW
aurora-vase-QtwQO7,Aurora Vase,"This iridescent porcelain vase offers a luxurious appearance with striking color reflections, making it a bold statement piece for any space. Perfect ...",KERSTEN,602,Home & Garden > Decor > Vases,602,Home & Garden > Decor > Vases,HIGH,83.925,vase,Keyword Match (title),NO,LOW
azure-tower-vase-usiPgp,Azure Tower Vase,"A striking stoneware vase in bold blue, designed with a sculptural silhouette that adds height and style to any setting. Whether displayed alone or wi...",KERSTEN,602,Home & Garden > Decor > Vases,602,Home & Garden > Decor > Vases,HIGH,83.3,vase,Keyword Match (title),NO,LOW
birdy-bowl-BJBWFJ,Birdy Bowl,"The sophisticated Birdy Bowl in gold adds an elegant touch to any space. Crafted from ceramic, its unique design features an intricate ring of bird fi...",WERNS,3498,Home & Garden > Kitchen & Dining > Tableware > Dinnerware > Bowls,3498,Home & Garden > Kitchen & Dining > Tableware > Dinnerware > Bowls,HIGH,86.05,bowl,Keyword Match (title),NO,LOW
birdy-vase-1ivN0A,Birdy Vase,"This stunning Birdy Vase features a detailed design of golden birds perched around the vase, creating a luxurious and eye-catching decorative piece. C...",WERNS,602,Home & Garden > Decor > Vases,602,Home & Garden > Decor > Vases,HIGH,94.2,decorative piece,Keyword Match (description),NO,LOW
bisou-photo-frame-I8aWvJ,Bisou Photo Frame,"This polyresin photo frame features a vibrant stripe pattern in multiple colors, adding a playful and lively touch to any space. Perfect for showcasin...",KERSTEN,4295,Category 4295,3367,Home & Garden > Decor > Picture Frames,HIGH,110.45,photo frame,Keyword Match (title),YES,LOW
black-vase-l-bnkl7X,Black Vase L,"The Black Large Vase features a contemporary design with a bold, rounded shape in deep black integrally colored glass. Its sleek and modern silhouette...",WERNS,602,Home & Garden > Decor > Vases,602,Home & Garden > Decor > Vases,HIGH,84.05,vase,Keyword Match (title),NO,LOW
black-vase-m-J1WakU,Black Vase M,"The Black Medium Vase features a contemporary design with a bold, rounded shape in deep black integrally colored glass. Its sleek and modern silhouett...",WERNS,602,Home & Garden > Decor > Vases,602,Home & Garden > Decor > Vases,HIGH,84.05,vase,Keyword Match (title),NO,LOW
bliss-cocktail-glass-set-of-2-wVoWvZ,Set of 2 Bliss Cocktail Glass,The Bliss Cocktail Glass Set is the perfect addition to add some playful colour to your glass collection. The glass has a wide design with a beautiful...,ANNA + NINA,674,Home & Garden > Kitchen & Dining > Tableware > Drinkware,674,Home & Garden > Kitchen & Dining > Tableware > Drinkware,HIGH,111.925,cocktail glass,Keyword Match (title),NO,LOW
blue-chinoiserie-dinner-plate-classics-on-acid-PVgGP5,Blue Chinoiserie Dinner Plate - Classics on Acid,A classic look with a bold twist for party lovers and eclectic enthusiasts. Seletti x Diesel Living collection revisits well-known classical porcelain...,SELETTI,3553,Home & Garden > Kitchen & Dining > Tableware > Dinnerware > Plates,3553,Home & Garden > Kitchen & Dining > Tableware > Dinnerware > Plates,HIGH,115.275,dinner plate,Keyword Match (title),NO,LOW
blue-glass-vase-KAAcTq,Blue Glass Vase,A blue glass vase that adds a vibrant color punch to your space.*Material: Glass*Dimensions: 8.8x8.8x22cm,KERSTEN,602,Home & Garden > Decor > Vases,674,Home & Garden > Kitchen & Dining > Tableware > Drinkware,HIGH,85.375,glass,Keyword Match (title),YES,LOW
blue-scalloped-dinner-plate-S6VT1h,Blue Scalloped Dinner Plate,The Blue Scalloped Dinner Plate has a dazzling design that effortlessly illuminates your table setting. The hand-painted celestial blue stripes around...,ANNA + NINA,3553,Home & Garden > Kitchen & Dining > Tableware > Dinnerware > Plates,3553,Home & Garden > Kitchen & Dining > Tableware > Dinnerware > Plates,HIGH,113.525,dinner plate,Keyword Match (title),NO,LOW
blue-vase-4UH9rD,Blue Vase,"The Blue Vase features a hand-painted geometric silhouette. Its bold blue exterior is beautifully contrasted by a soft light purple interior, making i...",WERNS,602,Home & Garden > Decor > Vases,594,Home & Garden > Lighting > Lamps,HIGH,90.0,soft light,Keyword Match (description),YES,LOW
blush-wave-vase-VgygWF,Blush Wave Vase,This pink dolomite vase with bold red wavy handles is perfect for an elegant and stylish flower presentation. A statement piece that adds a playful ye...,KERSTEN,602,Home & Garden > Decor > Vases,602,Home & Garden > Decor > Vases,HIGH,83.425,vase,Keyword Match (title),NO,LOW
boho-planter-o3q5RN,Boho planter,"Add a bold touch to your space with this uniquely designed stoneware planter. Featuring earthy tones with a vibrant red, it’s perfect for showcasing y...",KERSTEN,721,Category 721,3553,Home & Garden > Kitchen & Dining > Tableware > Dinnerware > Plates,HIGH,62.8,stoneware,Keyword Match (description),YES,LOW
bold-stripes-vase-IErdVl,Bold Stripes Vase,"This bold stoneware vase features a geometric, multi-layered design with vibrant stripes and contrasting colors, making it a perfect decorative piece ...",KERSTEN,602,Home & Garden > Decor > Vases,602,Home & Garden > Decor > Vases,HIGH,94.2,decorative piece,Keyword Match (description),NO,LOW
bowl-lisa-bone-gloss-BSKFl3,Bowl 'Lisa' Bone Gloss,"Glossy, plump, and full of personality, the Lisa bowl is an eye-catching addition to your table or shelf. With its inflated rim and pretty white bone ...",HOME STUDYO,3498,Home & Garden > Kitchen & Dining > Tableware > Dinnerware > Bowls,3498,Home & Garden > Kitchen & Dining > Tableware > Dinnerware > Bowls,HIGH,88.8,bowl,Keyword Match (title),NO,LOW
bowl-lisa-bubblegum-gloss-TyMgca,Bowl 'Lisa' Bubblegum Gloss,"Glossy, plump, and full of personality, the Lisa bowl is an eye-catching addition to your table or shelf. With its inflated rim and fresh pink bubbleg...",HOME STUDYO,3498,Home & Garden > Kitchen & Dining > Tableware > Dinnerware > Bowls,3498,Home & Garden > Kitchen & Dining > Tableware > Dinnerware > Bowls,HIGH,88.8,bowl,Keyword Match (title),NO,LOW
bowl-lisa-coral-gloss-QuUwOW,Bowl 'Lisa' Coral Gloss,"Glossy, plump, and full of personality, the Lisa bowl is an eye-catching addition to your table or shelf. With its inflated rim and vibrant coral glaz...",HOME STUDYO,3498,Home & Garden > Kitchen & Dining > Tableware > Dinnerware > Bowls,3498,Home & Garden > Kitchen & Dining > Tableware > Dinnerware > Bowls,HIGH,88.8,bowl,Keyword Match (title),NO,LOW
bowl-lisa-sky-gloss-jEzrk6,Bowl 'Lisa' Sky Gloss,"Glossy, plump, and full of personality, the Lisa bowl is an eye-catching addition to your table or shelf. With its inflated rim and soft sky blue glaz...",HOME STUDYO,3498,Home & Garden > Kitchen & Dining > Tableware > Dinnerware > Bowls,3498,Home & Garden > Kitchen & Dining > Tableware > Dinnerware > Bowls,HIGH,88.8,bowl,Keyword Match (title),NO,LOW
bronze-hobnail-jug-tall-MItwRN,Bronze Hobnail Jug Tall,Bring the warmth and glow to the dining table with this tall handmade Bronze pitcher.Premium features such as the slender curved handle give you a com...,KLIMCHI,3330,Home & Garden > Kitchen & Dining > Tableware > Serveware > Serving Pitchers & Carafes,3330,Home & Garden > Kitchen & Dining > Tableware > Serveware > Serving Pitchers & Carafes,HIGH,81.725,jug,Keyword Match (title),NO,LOW
bronze-hobnail-tumblers-set-of-6-gLiGbn,Set of 6 Bronze Hobnail Tumblers,"Shall you desire to add warm accents to your dining environment, a set of handmade bobble glasses in reddish hues would be a perfect choice! As a colo...",KLIMCHI,2951,Home & Garden > Kitchen & Dining > Tableware > Drinkware > Tumblers,3553,Home & Garden > Kitchen & Dining > Tableware > Dinnerware > Plates,HIGH,91.6,set,Keyword Match (title),YES,LOW
bronze-palm-trees-linen-napkins-set-of-4-9uqNPG,Bronze Palm Trees Linen Napkins Set of 2,Palm trees design embroidered in bronze on beige 100% linen fabric.Material: 100% LinenDimensions: 35x35cmCold machine-wash only.Line dry in shade.Iro...,JOY&CO PICKS,4203,Category 4203,1985,Home & Garden > Kitchen & Dining > Table Linens,HIGH,85.4,napkins,Keyword Match (title),YES,LOW
bronze-palm-trees-linen-placemat-set-of-4-uPYQ5E,Bronze Palm Trees Linen Placemat Set of 2,Palm trees design embroidered in bronze on beige 100% linen fabric.Material: 100% LinenDimensions: 35x45cmCold machine-wash only.Line dry in shade.Iro...,JOY&CO PICKS,2547,Category 2547,1985,Home & Garden > Kitchen & Dining > Table Linens,HIGH,86.6,placemat,Keyword Match (title),YES,LOW
bubble-bliss-small-blue-vase-TV97xt,Bubble Bliss Small Blue Vase,"This textured glass vase features a bubble design, adding a modern and stylish touch to any space. Available in green, pink, orange, and blue, it's pe...",KERSTEN,602,Home & Garden > Decor > Vases,6049,Home & Garden > Kitchen & Dining > Tableware > Drinkware > Coffee & Tea Cups,HIGH,84.375,small,Keyword Match (title),YES,LOW
bubble-bliss-small-green-vase-fELe5t,Bubble Bliss Small Green Vase,"This textured glass vase features a bubble design, adding a modern and stylish touch to any space. Available in green, pink, orange, and blue, it's pe...",KERSTEN,602,Home & Garden > Decor > Vases,6049,Home & Garden > Kitchen & Dining > Tableware > Drinkware > Coffee & Tea Cups,HIGH,84.375,small,Keyword Match (title),YES,LOW
bubble-bliss-small-pink-vase-vc9h1y,Bubble Bliss Small Pink Vase,"This textured glass vase features a bubble design, adding a modern and stylish touch to any space. Available in green, pink, orange, and blue, it's pe...",KERSTEN,602,Home & Garden > Decor > Vases,6049,Home & Garden > Kitchen & Dining > Tableware > Drinkware > Coffee & Tea Cups,HIGH,84.375,small,Keyword Match (title),YES,LOW
bubble-bliss-small-red-vase-0n5hEZ,Bubble Bliss Small Red Vase,"This textured glass vase features a bubble design, adding a modern and stylish touch to any space. Available in green, pink, orange, and blue, it's pe...",KERSTEN,602,Home & Garden > Decor > Vases,6049,Home & Garden > Kitchen & Dining > Tableware > Drinkware > Coffee & Tea Cups,HIGH,84.375,small,Keyword Match (title),YES,LOW
bubble-bliss-tall-blue-vase-unbqYB,Bubble Bliss Tall Blue Vase,"This textured glass vase features a bubble design, adding a modern and stylish touch to any space. Available in green, pink, orange, and blue, it's pe...",KERSTEN,602,Home & Garden > Decor > Vases,602,Home & Garden > Decor > Vases,HIGH,81.925,vase,Keyword Match (title),NO,LOW
bubble-bliss-tall-green-vase-nJWUpD,Bubble Bliss Tall Green Vase,"This textured glass vase features a bubble design, adding a modern and stylish touch to any space. Available in green, pink, orange, and blue, it's pe...",KERSTEN,602,Home & Garden > Decor > Vases,602,Home & Garden > Decor > Vases,HIGH,81.8,vase,Keyword Match (title),NO,LOW
bubble-bliss-tall-pink-vase-kRaPzX,Bubble Bliss Tall Pink Vase,"This textured glass vase features a bubble design, adding a modern and stylish touch to any space. Available in green, pink, orange, and blue, it's pe...",KERSTEN,602,Home & Garden > Decor > Vases,602,Home & Garden > Decor > Vases,HIGH,81.925,vase,Keyword Match (title),NO,LOW
bubble-bliss-tall-red-vase-BdGIlV,Bubble Bliss Tall Red Vase,"This textured glass vase features a bubble design, adding a modern and stylish touch to any space. Available in green, pink, orange, and blue, it's pe...",KERSTEN,602,Home & Garden > Decor > Vases,602,Home & Garden > Decor > Vases,HIGH,82.05,vase,Keyword Match (title),NO,LOW
bubble-pop-vase-aYXp7U,Bubble Pop Vase,"This funky stoneware vase is popping with playful energy, featuring a bouncy ball-like design in fun colors. A cheerful statement piece that adds a dr...",KERSTEN,602,Home & Garden > Decor > Vases,602,Home & Garden > Decor > Vases,HIGH,83.425,vase,Keyword Match (title),NO,LOW
butterfly-garden-vase-l-lqNFj1,Butterfly Garden Vase L,"A vibrant celebration of color and nature, this large stoneware vase is adorned with sculpted butterflies in playful hues. Its bold design and generou...",KERSTEN,602,Home & Garden > Decor > Vases,602,Home & Garden > Decor > Vases,HIGH,94.2,decorative piece,Keyword Match (description),NO,LOW
butterfly-garden-vase-m-R11BOa,Butterfly Garden Vase M,"A vibrant celebration of color and nature, this medium-size stoneware vase is adorned with sculpted butterflies in playful hues. Its bold design and g...",KERSTEN,602,Home & Garden > Decor > Vases,602,Home & Garden > Decor > Vases,HIGH,94.2,decorative piece,Keyword Match (description),NO,LOW
candelabra-eric-bone-matte-GgNYWF,Candelabra 'Eric' Bone Matte,"Sculptural yet soft in spirit, the Eric candelabra reimagines the classic three-arm form with a playful, inflated twist. Crafted in matte bone-white c...",HOME STUDYO,2784,Home & Garden > Decor > Home Fragrance Accessories > Candle Holders,2784,Home & Garden > Decor > Home Fragrance Accessories > Candle Holders,HIGH,92.0,candelabra,Keyword Match (title),NO,LOW
candle-dip-dye-yellow-tJ1CSM,Candle Dip Dye yellow,"These dip-dye taper candles feature a soft gradient design, adding a modern yet elegant touch to any table setting. Perfect for special occasions or e...",KERSTEN,588,Home & Garden > Decor > Home Fragrances > Candles,588,Home & Garden > Decor > Home Fragrances > Candles,HIGH,87.2,candle,Keyword Match (title),NO,LOW
cello-suite-n27-cotton-harmony-3000ml-yYYbh0,Cello suite n.27 Cotton Harmony 3000ML,"Seductive fragrance that announces itself with pleasantly fresh floral notes that harmonize with an elegantly flowery heart, which enhances the initia...",EDION,4741,Category 4741,2915,Health & Beauty > Personal Care > Cosmetics > Fragrance,HIGH,95.4,floral notes,Keyword Match (description),YES,LOW
cello-suite-n27-cotton-harmony-700ml-iQ4sd1,Cello suite n.27 Cotton Harmony 700ML,"Seductive fragrance that announces itself with pleasantly fresh floral notes that harmonize with an elegantly flowery heart, which enhances the initia...",EDION,4741,Category 4741,2915,Health & Beauty > Personal Care > Cosmetics > Fragrance,HIGH,95.4,floral notes,Keyword Match (description),YES,LOW
cello-suite-n29-montecarlo-night-3000ml-ecMhk9,Cello suite n.29 Montecarlo Night 3000ML,"In this sun-kissed fragrance, hints of bergamot and mandarin mix, all enhanced by the opulent and velvety heart notes of jasmine and orange blossom, e...",EDION,4741,Category 4741,2915,Health & Beauty > Personal Care > Cosmetics > Fragrance,HIGH,78.0,musky,Keyword Match (description),YES,LOW
cello-suite-n29-montecarlo-night-3000ml-u5FFZ6,Cello suite n.29 Montecarlo Night 3000ML,"In this sun-kissed fragrance, hints of bergamot and mandarin mix, all enhanced by the opulent and velvety heart notes of jasmine and orange blossom, e...",EDION,4741,Category 4741,2915,Health & Beauty > Personal Care > Cosmetics > Fragrance,HIGH,78.0,musky,Keyword Match (description),YES,LOW
cello-suite-n29-montecarlo-night-700ml-LJv3uf,Cello suite n.29 Montecarlo Night 700ML,"In this sun-kissed fragrance, hints of bergamot and mandarin mix, all enhanced by the opulent and velvety heart notes of jasmine and orange blossom, e...",EDION,4741,Category 4741,2915,Health & Beauty > Personal Care > Cosmetics > Fragrance,HIGH,78.0,musky,Keyword Match (description),YES,LOW
cello-suite-n7-woods-harmony-3000ml-ACrk7O,Cello suite n.7 Woods Harmony 3000ML,Intense and deep aroma of centuries-old forest. The majestic trees that inhabit the forests are the symbol of strength and solidity and for this very ...,EDION,4741,Category 4741,3553,Home & Garden > Kitchen & Dining > Tableware > Dinnerware > Plates,HIGH,84.8,wood,Keyword Match (title),YES,LOW
cello-suite-n7-woods-harmony-700ml-Sj5LDL,Cello suite n.7 Woods Harmony 700ML,Intense and deep aroma of centuries-old forest. The majestic trees that inhabit the forests are the symbol of strength and solidity and for this very ...,EDION,4741,Category 4741,3553,Home & Garden > Kitchen & Dining > Tableware > Dinnerware > Plates,HIGH,84.8,wood,Keyword Match (title),YES,LOW
che-bello-dessert-plate-QawLvb,Che Bello Dessert Plate,"Chiara Perano is an Italian-English artist and illustrator, based in the South of England.Her style draws inspiration from her Italian roots, from La ...",BITOSSI,3553,Home & Garden > Kitchen & Dining > Tableware > Dinnerware > Plates,3553,Home & Garden > Kitchen & Dining > Tableware > Dinnerware > Plates,HIGH,121.35,dessert plate,Keyword Match (title),NO,LOW
checkmate-vase-o3SZCR,Checkmate Vase,"This colorful stoneware vase features a bold checkerboard pattern, contrasting hues, and sculptural handles, making it a statement piece for any space...",KERSTEN,602,Home & Garden > Decor > Vases,602,Home & Garden > Decor > Vases,HIGH,83.55,vase,Keyword Match (title),NO,LOW
cherry-blossom-lidded-jar-EwKIkl,Cherry Blossom Lidded Jar,"This elegant lidded vase features a delicate cherry blossom pattern, hand-painted on porcelain. The soft blue background and gold accents make it a re...",WERNS,602,Home & Garden > Decor > Vases,602,Home & Garden > Decor > Vases,HIGH,94.2,decorative piece,Keyword Match (description),NO,LOW
cherry-blossom-lidded-vase-lKXu7G,Cherry Blossom Lidded Vase,"This elegant lidded vase features a delicate cherry blossom pattern, hand-painted on porcelain. The soft blue background and gold accents make it a re...",WERNS,602,Home & Garden > Decor > Vases,602,Home & Garden > Decor > Vases,HIGH,94.2,decorative piece,Keyword Match (description),NO,LOW
chinoiserie-birds-linen-placemat-set-of-4-BVCL8N,Chinoiserie Birds Linen Placemat Set of 4,Printed chinoiserie birds linen placemat.Material: 100% LinenDimensions: 35x45cmCold machine-wash only.Line dry in shade.Iron on a warm setting.,JOY&CO PICKS,2547,Category 2547,1985,Home & Garden > Kitchen & Dining > Table Linens,HIGH,86.6,placemat,Keyword Match (title),YES,LOW
chinoiserie-birds-linen-runner-Jp2Omz,Chinoiserie Birds Linen Runner,Printed chinoiserie birds linen runner.Material: 100% LinenDimensions: 200x40cmCold machine-wash only.Line dry in shade.Iron on a warm setting.,JOY&CO PICKS,6325,Category 6325,1985,Home & Garden > Kitchen & Dining > Table Linens,HIGH,107.15,linen runner,Keyword Match (title),YES,LOW
chrome-kiss-planter-nTDrA9,Chrome Kiss Planter,"Bring a bold, modern twist to your décor with the Chrome Kiss Planter in metallic silver. Sculpted from fine earthenware, its striking shape and gloss...",KERSTEN,721,Category 721,674,Home & Garden > Kitchen & Dining > Tableware > Drinkware,HIGH,90.6,glossy finish,Keyword Match (description),YES,LOW
ciao-bella-photo-frame-qBTc0B,Ciao Bella Photo Frame,"This polyresin photo frame features a vibrant stripe pattern in multiple colors, adding a playful and lively touch to any space. Perfect for showcasin...",KERSTEN,4295,Category 4295,3367,Home & Garden > Decor > Picture Frames,HIGH,109.825,photo frame,Keyword Match (title),YES,LOW
classic-cake-stand-W6jV8f,Classic Cake Stand,"Showcase your desserts in style with this classic blue and white porcelain cake stand. Featuring an elegant floral design, it’s perfect for serving ca...",KERSTEN,3553,Home & Garden > Kitchen & Dining > Tableware > Dinnerware > Plates,3553,Home & Garden > Kitchen & Dining > Tableware > Dinnerware > Plates,HIGH,96.4,classic,Keyword Match (title),NO,LOW
classic-lidded-jar-iFyZoK,Classic Lidded Jar,"Bring timeless elegance to your space with this blue and white porcelain lidded jar, featuring a classic floral and bird motif. Perfect as a decorativ...",KERSTEN,7113,Category 7113,3553,Home & Garden > Kitchen & Dining > Tableware > Dinnerware > Plates,HIGH,90.4,classic,Keyword Match (title),YES,LOW
classic-love-cappucino-mug-8stYME,Classic Love Cappucino Mug,The Classic Love Cappuccino Mug is an authentic Anna + Nina Mug design with adorable differently shaded pink hearts painted all around.Specifications:...,ANNA + NINA,3553,Home & Garden > Kitchen & Dining > Tableware > Dinnerware > Plates,3553,Home & Garden > Kitchen & Dining > Tableware > Dinnerware > Plates,HIGH,95.8,microwave safe,Keyword Match (description),NO,LOW
classic-love-dessert-plate-vHavwn,Classic Love Dessert Plate,The Classic Love Dessert Plate is a romantic hand-painted piece with three dazzling hearts emerging from the centre of the plate. This plate will make...,ANNA + NINA,3553,Home & Garden > Kitchen & Dining > Tableware > Dinnerware > Plates,3553,Home & Garden > Kitchen & Dining > Tableware > Dinnerware > Plates,HIGH,112.975,dessert plate,Keyword Match (title),NO,LOW
classic-yellow-porcelain-vase-l-Tex3ve,Classic Yellow Porcelain Vase L,"This classic porcelain vase features a vibrant yellow color with a delicate cherry blossom design, making it a perfect statement piece for any space.*...",KERSTEN,602,Home & Garden > Decor > Vases,3553,Home & Garden > Kitchen & Dining > Tableware > Dinnerware > Plates,HIGH,90.925,porcelain,Keyword Match (title),YES,LOW
classic-yellow-porcelain-vase-m-oMwtLG,Classic Yellow Porcelain Vase M,"This classic porcelain vase features a vibrant yellow color with a delicate cherry blossom design, making it a perfect statement piece for any space.*...",KERSTEN,602,Home & Garden > Decor > Vases,3553,Home & Garden > Kitchen & Dining > Tableware > Dinnerware > Plates,HIGH,90.925,porcelain,Keyword Match (title),YES,LOW
comic-art-mouse-FICTbs,Comic Art Mouse,This modern and exclusive canvas painting is an eye-catcher for every space. The piece combines a high-quality giclée print with hand-painted accents ...,JOY&CO PICKS,500044,Home & Garden > Decor > Artwork,3367,Home & Garden > Decor > Picture Frames,HIGH,65.0,frame,Keyword Match (description),YES,LOW
comic-art-teddy-olpPI9,Comic Art Teddy,This modern and exclusive canvas painting is an eye-catcher for every space. The piece combines a high-quality giclée print with hand-painted accents ...,JOY&CO PICKS,500044,Home & Garden > Decor > Artwork,3367,Home & Garden > Decor > Picture Frames,HIGH,65.0,frame,Keyword Match (description),YES,LOW
con-amore-plate-5ky8Z4,Con Amore Plate,"Chiara Perano is an Italian-English artist and illustrator, based in the South of England.Her style draws inspiration from her Italian roots, from La ...",BITOSSI,3553,Home & Garden > Kitchen & Dining > Tableware > Dinnerware > Plates,3553,Home & Garden > Kitchen & Dining > Tableware > Dinnerware > Plates,HIGH,107.4,dining experience,Keyword Match (description),NO,LOW
confetti-dot-vase-h1doBk,Confetti Dot Vase,"Make a bold, joyful statement with the Confetti Dot Vase. Crafted from smooth stoneware, this cream-colored vase is adorned with playful 3D multicolor...",KERSTEN,602,Home & Garden > Decor > Vases,602,Home & Garden > Decor > Vases,HIGH,83.175,vase,Keyword Match (title),NO,LOW
cosmic-bubbles-bowl-iuuAA6,Cosmic Bubbles Bowl,"Bold, bright, and beautifully unexpected. The Cosmic Bubbles Bowl is a hand-glazed celebration of color and form. Featuring a dreamy swirl of blues, p...",KERSTEN,3498,Home & Garden > Kitchen & Dining > Tableware > Dinnerware > Bowls,3498,Home & Garden > Kitchen & Dining > Tableware > Dinnerware > Bowls,HIGH,88.925,bowl,Keyword Match (title),NO,LOW
cozy-cappuccino-mug-set-ik8yLK,Cozy Cappuccino Mug Set,Brighten your coffee rituals with the vibrant charm of the cozy cappuccino mug set. Each mug is handmade and hand-painted with expressive blue splashe...,VAL POTTERY,2169,Home & Garden > Kitchen & Dining > Tableware > Drinkware > Mugs,2169,Home & Garden > Kitchen & Dining > Tableware > Drinkware > Mugs,HIGH,87.6,mug,Keyword Match (title),NO,LOW
crazy-quarter-dark-green-line-fuZS9K,Crazy Quarter Dark Green Line,"Refined yet full of personality, the Crazy Quarter plate with a deep green hand-painted rim adds subtle character to your table. It brings a clean, co...",VAL POTTERY,3553,Home & Garden > Kitchen & Dining > Tableware > Dinnerware > Plates,3553,Home & Garden > Kitchen & Dining > Tableware > Dinnerware > Plates,HIGH,70.4,contemporary,Keyword Match (description),NO,LOW
crazy-quarter-plate-dark-green-blob-Up8RMG,Crazy Quarter Plate Dark Green Blob,"Add a bold twist to your table with the Crazy Quarter plate in deep green. Featuring hand-splattered detailing, this striking design adds a playful, a...",VAL POTTERY,3553,Home & Garden > Kitchen & Dining > Tableware > Dinnerware > Plates,3553,Home & Garden > Kitchen & Dining > Tableware > Dinnerware > Plates,HIGH,92.25,plate,Keyword Match (title),NO,LOW
crystal-cake-stand-l-1aXHg5,Crystal Cake Stand L,"This crystal cake stand combines elegance and modern design, featuring a clear top balanced on a faceted base with amber and light purple tones. A sta...",JOY&CO PICKS,674,Home & Garden > Kitchen & Dining > Tableware > Drinkware,674,Home & Garden > Kitchen & Dining > Tableware > Drinkware,HIGH,92.4,crystal,Keyword Match (title),NO,LOW
crystal-cake-stand-m-znlBxJ,Crystal Cake Stand M,"This crystal cake stand combines elegance and modern design, featuring a clear top balanced on a faceted base with amber and mint tones. A statement p...",JOY&CO PICKS,674,Home & Garden > Kitchen & Dining > Tableware > Drinkware,674,Home & Garden > Kitchen & Dining > Tableware > Drinkware,HIGH,92.4,crystal,Keyword Match (title),NO,LOW
crystal-cake-stand-s-w5p3bW,Crystal Cake Stand S,"This crystal cake stand combines elegance and modern design, featuring a clear top balanced on a faceted base with amber and mint tones. A statement p...",JOY&CO PICKS,674,Home & Garden > Kitchen & Dining > Tableware > Drinkware,674,Home & Garden > Kitchen & Dining > Tableware > Drinkware,HIGH,92.4,crystal,Keyword Match (title),NO,LOW
crystal-hobnail-jug-with-gold-handle-U5RN5L,Crystal Hobnail Jug with Gold Handle,Prepare to liven up any casual indoor or outdoor gathering with this all-purpose handmade hobnail crystal glass jug. A modern approach towards the Boh...,KLIMCHI,674,Home & Garden > Kitchen & Dining > Tableware > Drinkware,674,Home & Garden > Kitchen & Dining > Tableware > Drinkware,HIGH,96.4,crystal,Keyword Match (title),NO,LOW
crystal-hobnail-tumblers-set-of-6-zEUa32,Set of 6 Crystal Hobnail Tumblers,"Be different from the crowd and take a unique twist on a timeless classic. A modern approach to the Bohemian glass tradition, this set of handmade neo...",KLIMCHI,2951,Home & Garden > Kitchen & Dining > Tableware > Drinkware > Tumblers,674,Home & Garden > Kitchen & Dining > Tableware > Drinkware,HIGH,93.275,crystal,Keyword Match (title),YES,LOW
crystal-tray-FV9aIm,Crystal Tray,"This crystal tray features a sleek and modern design with geometric accents in vibrant hues of pink, red, and mint. Its transparent structure adds a s...",JOY&CO PICKS,674,Home & Garden > Kitchen & Dining > Tableware > Drinkware,674,Home & Garden > Kitchen & Dining > Tableware > Drinkware,HIGH,90.4,crystal,Keyword Match (title),NO,LOW
david-bust-black-side-table-lU4Fj5,David Bust Black Side Table,"The Male Bust David Side Table presents a striking, sculpture-inspired design, featuring the detailed profile of a classical bust. Made from durable m...",WERNS,5609,Category 5609,602,Home & Garden > Decor > Vases,HIGH,60.8,sculpture,Keyword Match (description),YES,LOW
david-bust-white-side-table-VtGaFa,David Bust White Side Table,"The Male Bust David Side Table presents a striking, sculpture-inspired design, featuring the detailed profile of a classical bust. Made from durable m...",WERNS,5609,Category 5609,602,Home & Garden > Decor > Vases,HIGH,60.8,sculpture,Keyword Match (description),YES,LOW
deer-dessert-plate-classics-on-acid-vJvbu7,Deer Dessert Plate - Classics on Acid,A classic look with a bold twist for party lovers and eclectic enthusiasts. Seletti x Diesel Living collection revisits well-known classical porcelain...,SELETTI,3553,Home & Garden > Kitchen & Dining > Tableware > Dinnerware > Plates,3553,Home & Garden > Kitchen & Dining > Tableware > Dinnerware > Plates,HIGH,117.975,dessert plate,Keyword Match (title),NO,LOW
delf-rose-dessert-plate-classics-on-acide-1rmfAV,Delf Rose Dessert Plate - Classics on Acide,A classic look with a bold twist for party lovers and eclectic enthusiasts. Seletti x Diesel Living collection revisits well-known classical porcelain...,SELETTI,3553,Home & Garden > Kitchen & Dining > Tableware > Dinnerware > Plates,3553,Home & Garden > Kitchen & Dining > Tableware > Dinnerware > Plates,HIGH,117.35,dessert plate,Keyword Match (title),NO,LOW
delft-tulip-vase-FMhv5X,Delft Tulip Vase,"Inspired by traditional Dutch craftsmanship, the Delft Tulip Vase is a timeless decorative piece featuring a classic blue and white floral motif. Desi...",KERSTEN,602,Home & Garden > Decor > Vases,602,Home & Garden > Decor > Vases,HIGH,94.2,decorative piece,Keyword Match (description),NO,LOW
dip-dye-blue-taper-candle-pack-of-4-G107PE,Pack of 4 Dip Dye Blue Taper Candle,"These dip-dye taper candles feature a soft gradient design, adding a modern yet elegant touch to any table setting. Perfect for special occasions or e...",KERSTEN,588,Home & Garden > Decor > Home Fragrances > Candles,588,Home & Garden > Decor > Home Fragrances > Candles,HIGH,83.575,candle,Keyword Match (title),NO,LOW
dip-dye-coral-taper-candle-j9N4V8,Pack of 4 Dip Dye Coral Taper Candle,"These dip-dye taper candles feature a soft gradient design, adding a modern yet elegant touch to any table setting. Perfect for special occasions or e...",KERSTEN,588,Home & Garden > Decor > Home Fragrances > Candles,588,Home & Garden > Decor > Home Fragrances > Candles,HIGH,83.45,candle,Keyword Match (title),NO,LOW
dip-dye-orange-taper-candle-pack-of-4-yMIpt2,Pack of 4 Dip Dye Orange Taper Candle,"These dip-dye taper candles feature a soft gradient design, adding a modern yet elegant touch to any table setting. Perfect for special occasions or e...",KERSTEN,588,Home & Garden > Decor > Home Fragrances > Candles,588,Home & Garden > Decor > Home Fragrances > Candles,HIGH,83.325,candle,Keyword Match (title),NO,LOW
disks-planter-GFwX5i,Disks Planter,Add a playful touch to your space with this modern stoneware planter featuring a unique multicolor geometric design. Perfect for displaying plants or ...,KERSTEN,721,Category 721,3553,Home & Garden > Kitchen & Dining > Tableware > Dinnerware > Plates,HIGH,66.4,contemporary,Keyword Match (description),YES,LOW
disks-vase-lLL4HA,Disks Vase,Add a modern touch to your space with this stoneware vase featuring a playful multicolor geometric design. It brings a fun and contemporary vibe to an...,KERSTEN,602,Home & Garden > Decor > Vases,602,Home & Garden > Decor > Vases,HIGH,84.05,vase,Keyword Match (title),NO,LOW
dolci-dessert-plate-set-IUAowR,Dolci Plates Set,"This set of 4 dessert plates is crafted from premium porcelain, featuring Chiara Perano’s hand-drawn designs. Finished with a delicate gold rim, it br...",BITOSSI,3553,Home & Garden > Kitchen & Dining > Tableware > Dinnerware > Plates,3553,Home & Garden > Kitchen & Dining > Tableware > Dinnerware > Plates,HIGH,107.4,dining experience,Keyword Match (description),NO,LOW
donna-catch-all-tray-4xQH49,Donna Catch-all Tray,"Add some love to your table with Bitossi Home's Donna catch-all tray. Featuring the playful pen work of Italian-British artist Chiara Perano, this pla...",BITOSSI,6456,Home & Garden > Decor > Decorative Trays,4009,Home & Garden > Kitchen & Dining > Tableware > Serveware > Serving Trays,HIGH,82.8,tray,Keyword Match (title),YES,LOW
double-the-party-vase-yYkLDf,Double The Party Vase,"Make a bold, joyful statement with the Double The Party Vase. Crafted from smooth stoneware, this cream-colored vase is adorned with playful 3D multic...",KERSTEN,602,Home & Garden > Decor > Vases,4009,Home & Garden > Kitchen & Dining > Tableware > Serveware > Serving Trays,HIGH,84.625,party,Keyword Match (title),YES,LOW
edion-oud-3000ml-Fa1UyW,EDION Oud 3000ML,Intriguing fragrance with extreme charm with odors and olfactory notes that stimulate deep chords and recall distant atmospheres.All this given by saf...,EDION,4741,Category 4741,2915,Health & Beauty > Personal Care > Cosmetics > Fragrance,HIGH,88.85,oud,Keyword Match (title),YES,LOW
edion-oud-pqTyyh,EDION Oud 700ML,Intriguing fragrance with extreme charm with odors and olfactory notes that stimulate deep chords and recall distant atmospheres.All this given by saf...,EDION,4741,Category 4741,2915,Health & Beauty > Personal Care > Cosmetics > Fragrance,HIGH,88.85,oud,Keyword Match (title),YES,LOW
emma-candle-holder-5q00Ow,Emma Candle Holder,"The Emma Candle Holder with its bubble-style design and vibrant brown glass, adds a modern and stylish touch to any space.Material: GlassDimensions: 8...",WERNS,2784,Home & Garden > Decor > Home Fragrance Accessories > Candle Holders,2784,Home & Garden > Decor > Home Fragrance Accessories > Candle Holders,HIGH,109.975,candle holder,Keyword Match (title),NO,LOW
english-delft-dinner-plate-classics-on-acid-f5m2Cz,English Delft Dinner Plate - Classics on Acid,A classic look with a bold twist for party lovers and eclectic enthusiasts. Seletti x Diesel Living collection revisits well-known classical porcelain...,SELETTI,3553,Home & Garden > Kitchen & Dining > Tableware > Dinnerware > Plates,3553,Home & Garden > Kitchen & Dining > Tableware > Dinnerware > Plates,HIGH,115.65,dinner plate,Keyword Match (title),NO,LOW
evergreen-vase-waLCAv,Evergreen Vase,"This green stoneware vase features a rustic, textured design, making it a perfect addition to a natural and serene decor. Its organic look adds an ear...",KERSTEN,602,Home & Garden > Decor > Vases,602,Home & Garden > Decor > Vases,HIGH,83.55,vase,Keyword Match (title),NO,LOW
fancy-candle-holder-OnKt5h,Fancy Candle Holder,"The Fancy Candle Holder features a square shape and layered structure with bold green, turquoise, and purple glass. Its geometric design adds a touch ...",WERNS,2784,Home & Garden > Decor > Home Fragrance Accessories > Candle Holders,2784,Home & Garden > Decor > Home Fragrance Accessories > Candle Holders,HIGH,109.85,candle holder,Keyword Match (title),NO,LOW
fancy-pink-candle-holder-wSTBIb,Fancy Pink Candle Holder,"The Fancy Candle Holder features a square shape and layered structure with bold pink, red, and yellow glass. Its geometric design adds a touch of mode...",JOY&CO PICKS,2784,Home & Garden > Decor > Home Fragrance Accessories > Candle Holders,2784,Home & Garden > Decor > Home Fragrance Accessories > Candle Holders,HIGH,109.225,candle holder,Keyword Match (title),NO,LOW
fancy-purple-candle-holder-Xumq0D,Fancy Purple Candle Holder,"The Fancy Candle Holder features a square shape and layered structure with bold orange, red, and purple glass. Its geometric design adds a touch of mo...",JOY&CO PICKS,2784,Home & Garden > Decor > Home Fragrance Accessories > Candle Holders,2784,Home & Garden > Decor > Home Fragrance Accessories > Candle Holders,HIGH,108.975,candle holder,Keyword Match (title),NO,LOW
fancy-purple-candle-holder-ntWr5K,Fancy Purple Candle Holder,"The Fancy Candle Holder is a multicolored design made from glass, featuring a vibrant mix of colors that add a bold and modern touch to any space. Its...",WERNS,2784,Home & Garden > Decor > Home Fragrance Accessories > Candle Holders,2784,Home & Garden > Decor > Home Fragrance Accessories > Candle Holders,HIGH,108.975,candle holder,Keyword Match (title),NO,LOW
fancy-tea-cup-set-with-saucer-gW5enB,Fancy Tea Cup Set with Saucer,"This vibrant set of tea cups adds a lively touch to your table setting. Designed in four assorted bold hues with a glossy gold rim, it exudes charm an...",WERNS,6049,Home & Garden > Kitchen & Dining > Tableware > Drinkware > Coffee & Tea Cups,6049,Home & Garden > Kitchen & Dining > Tableware > Drinkware > Coffee & Tea Cups,HIGH,102.65,tea cup,Keyword Match (title),NO,LOW
fancy-yellow-candle-holder-06TVHr,Fancy Yellow Candle Holder,"The Fancy Candle Holder is a multicolored design made from glass, featuring a vibrant mix of colors that add a bold and modern touch to any space. Its...",WERNS,2784,Home & Garden > Decor > Home Fragrance Accessories > Candle Holders,2784,Home & Garden > Decor > Home Fragrance Accessories > Candle Holders,HIGH,108.975,candle holder,Keyword Match (title),NO,LOW
finya-vase-medium-xUMUdo,Finya Vase Medium,"Finya Vase is crafted from glass in green with a wavy, artistic design, it serves as a striking centerpiece or a decorative accent.*Material: Glass*Di...",WERNS,602,Home & Garden > Decor > Vases,602,Home & Garden > Decor > Vases,HIGH,84.05,vase,Keyword Match (title),NO,LOW
finya-vase-small-u9P1wN,Finya Vase Small,"Finya Vase is crafted from glass in a soft blue hue with a fluid, artistic design, it serves as a striking centerpiece or a decorative accent.*Materia...",WERNS,602,Home & Garden > Decor > Vases,6049,Home & Garden > Kitchen & Dining > Tableware > Drinkware > Coffee & Tea Cups,HIGH,84.625,small,Keyword Match (title),YES,LOW
fiorentino-dessert-plate-classics-on-acid-LwzVgz,Fiorentino Dessert Plate - Classics on Acid,A classic look with a bold twist for party lovers and eclectic enthusiasts. Seletti x Diesel Living collection revisits well-known classical porcelain...,SELETTI,3553,Home & Garden > Kitchen & Dining > Tableware > Dinnerware > Plates,3553,Home & Garden > Kitchen & Dining > Tableware > Dinnerware > Plates,HIGH,117.225,dessert plate,Keyword Match (title),NO,LOW
firelight-duo-vase-b58wuT,Firelight Duo Vase,"Turn up the drama with the Firelight Duo Vase, a bold statement in two rich tones of red glass. Its smooth curves and layered color create a striking ...",KERSTEN,602,Home & Garden > Decor > Vases,3553,Home & Garden > Kitchen & Dining > Tableware > Dinnerware > Plates,HIGH,84.35,duo,Keyword Match (title),YES,LOW
fish-fete-plate-set-wiq5aC,Fish Fête Plate Set,"Bring a playful coastal spirit to your table with the Fish Fête set. Each plate features a hand-painted sea creature: crab, lobster, squid, and shrimp...",VAL POTTERY,3553,Home & Garden > Kitchen & Dining > Tableware > Dinnerware > Plates,3553,Home & Garden > Kitchen & Dining > Tableware > Dinnerware > Plates,HIGH,92.75,plate,Keyword Match (title),NO,LOW
flower-bird-soup-plate-classics-on-acid-6Q6xUy,Flower Bird Soup Plate - Classics on Acid,A classic look with a bold twist for party lovers and eclectic enthusiasts. Seletti x Diesel Living collection revisits well-known classical porcelain...,SELETTI,3553,Home & Garden > Kitchen & Dining > Tableware > Dinnerware > Plates,3553,Home & Garden > Kitchen & Dining > Tableware > Dinnerware > Plates,HIGH,93.275,classic,Keyword Match (title),NO,LOW
flower-girl-candleholde-pink-Hv3IdF,Flower Girl Candleholder Pink,"Dressed in rosy pink and crowned with a warm orange flower, this playful candle holder adds charm and color to any setting. A whimsical piece to mix a...",KERSTEN,2784,Home & Garden > Decor > Home Fragrance Accessories > Candle Holders,588,Home & Garden > Decor > Home Fragrances > Candles,HIGH,85.7,candle,Keyword Match (title),YES,LOW
flower-girl-candleholder-lilac-l77Ql5,Flower Girl Candleholder Lilac,"This soft lilac flower girl, topped with a cheerful yellow bloom, lends a gentle, fairy-tale vibe to your display. A subtle statement piece for playfu...",KERSTEN,2784,Home & Garden > Decor > Home Fragrance Accessories > Candle Holders,588,Home & Garden > Decor > Home Fragrances > Candles,HIGH,65.7,candle,Keyword Match (title),YES,LOW
flower-girl-candleholder-ochre-dtKhkX,Flower Girl Candleholder Ochre,"With her warm ochre dress and crisp white flower crown, this candle holder brings an earthy yet refined character to any corner. Ideal on its own or p...",KERSTEN,2784,Home & Garden > Decor > Home Fragrance Accessories > Candle Holders,588,Home & Garden > Decor > Home Fragrances > Candles,HIGH,85.7,candle,Keyword Match (title),YES,LOW
flower-girl-candleholder-yellow-CA8gpn,Flower Girl Candleholder Yellow,"A sweet flower girl in a sunny yellow dress topped with a delicate pink bloom. She brings a soft, joyful touch to any table or shelf, perfect for brig...",KERSTEN,2784,Home & Garden > Decor > Home Fragrance Accessories > Candle Holders,588,Home & Garden > Decor > Home Fragrances > Candles,HIGH,65.7,candle,Keyword Match (title),YES,LOW
flower-girl-set-of-4-ADbOHH,Flower Girl Set Of 4,"A charming quartet of candlestick holders, each shaped like a flower girl dressed in pastel tones and crowned with a bloom. The Flower Girl Set of 4 a...",KERSTEN,3553,Home & Garden > Kitchen & Dining > Tableware > Dinnerware > Plates,3553,Home & Garden > Kitchen & Dining > Tableware > Dinnerware > Plates,HIGH,84.1,set,Keyword Match (title),NO,LOW
flute-water-glass-classics-on-acid-ENZuHe,Flute Water Glass - Classics on Acid,A classic look with a bold twist for party lovers and eclectic enthusiasts. Seletti x Diesel Living collection revisits well-known classical porcelain...,SELETTI,674,Home & Garden > Kitchen & Dining > Tableware > Drinkware,674,Home & Garden > Kitchen & Dining > Tableware > Drinkware,HIGH,115.45,water glass,Keyword Match (title),NO,LOW
forever-always-plate-4gLiFv,Forever Always Plate,"Chiara Perano is an Italian-English artist and illustrator, based in the South of England.Her style draws inspiration from her Italian roots, from La ...",BITOSSI,3553,Home & Garden > Kitchen & Dining > Tableware > Dinnerware > Plates,3553,Home & Garden > Kitchen & Dining > Tableware > Dinnerware > Plates,HIGH,107.4,dining experience,Keyword Match (description),NO,LOW
fresh-orange-can-vase-4R6YOh,Fresh Orange Can Vase,Freshen up any corner with the Fresh Orange vase. Its bold green stripes and cheerful citrus label make it a standout piece for colorful interiors. Cr...,KERSTEN,602,Home & Garden > Decor > Vases,602,Home & Garden > Decor > Vases,HIGH,82.675,vase,Keyword Match (title),NO,LOW
fruit-feast-plate-PGRiVb,Fruit Feast Plate,"Bring bold artistry to your table with the Fruit Feast plate. Hand-painted with lively green splatters, this large serving piece makes a playful yet e...",VAL POTTERY,3553,Home & Garden > Kitchen & Dining > Tableware > Dinnerware > Plates,3553,Home & Garden > Kitchen & Dining > Tableware > Dinnerware > Plates,HIGH,90.5,plate,Keyword Match (title),NO,LOW
glitchy-willow-dessert-plate-classics-on-acid-BaIQCz,Glitchy Willow Dessert Plate - Classics on Acid,A classic look with a bold twist for party lovers and eclectic enthusiasts. Seletti x Diesel Living collection revisits well-known classical porcelain...,SELETTI,3553,Home & Garden > Kitchen & Dining > Tableware > Dinnerware > Plates,3553,Home & Garden > Kitchen & Dining > Tableware > Dinnerware > Plates,HIGH,116.725,dessert plate,Keyword Match (title),NO,LOW
glow-jar-CIqmuy,Glow Jar,Add a touch of elegance to your space with this glass jar in a beautiful gradient in lime and pink. Featuring a delicate diamond-cut pattern and a vin...,JOY&CO PICKS,674,Home & Garden > Kitchen & Dining > Tableware > Drinkware,674,Home & Garden > Kitchen & Dining > Tableware > Drinkware,HIGH,84.975,jar,Keyword Match (title),NO,LOW
good-morning-bowl-fWw1mw,Good Morning Bowl,The Good Morning Bowl to start the day of nice with your favourite breakfast.Specifications:• Measurements: 140 x 140 x 70 mm• Material: Ceramic• Dish...,ANNA + NINA,3553,Home & Garden > Kitchen & Dining > Tableware > Dinnerware > Plates,3553,Home & Garden > Kitchen & Dining > Tableware > Dinnerware > Plates,HIGH,95.0,dishwasher safe,Keyword Match (description),NO,LOW
good-morning-breakfast-plate-apSbJE,Good Morning Breakfast Plate,The Good Morning Breakfast Plate to start the day of nice with your favourite breakfast.Specifications:• Measurements: 220 x 220 x 32 mm• Material: Ce...,ANNA + NINA,3553,Home & Garden > Kitchen & Dining > Tableware > Dinnerware > Plates,3553,Home & Garden > Kitchen & Dining > Tableware > Dinnerware > Plates,HIGH,95.0,dishwasher safe,Keyword Match (description),NO,LOW
good-morning-mug-Qe5Bej,Good Morning Mug,The Good Morning Mug is made using ceramic. If this mug is not giving you a really good morning with your beloved coffee in it - we don't know what is...,ANNA + NINA,6049,Home & Garden > Kitchen & Dining > Tableware > Drinkware > Coffee & Tea Cups,3553,Home & Garden > Kitchen & Dining > Tableware > Dinnerware > Plates,HIGH,95.0,dishwasher safe,Keyword Match (description),YES,LOW
gorilla-gentleman-Hnh5S9,Gorilla Gentleman,This modern and exclusive canvas painting is an eye-catcher for every space. The piece combines a high-quality giclée print with hand-painted accents ...,JOY&CO PICKS,500045,Category 500045,3367,Home & Garden > Decor > Picture Frames,HIGH,65.0,frame,Keyword Match (description),YES,LOW
hollandia-flowers-dinner-plate-classics-on-acid-IKSvjk,Hollandia Flowers Dinner Plate - Classics on Acid,A classic look with a bold twist for party lovers and eclectic enthusiasts. Seletti x Diesel Living collection revisits well-known classical porcelain...,SELETTI,3553,Home & Garden > Kitchen & Dining > Tableware > Dinnerware > Plates,3553,Home & Garden > Kitchen & Dining > Tableware > Dinnerware > Plates,HIGH,115.15,dinner plate,Keyword Match (title),NO,LOW
hybrid-tea-cup-isidora-HPVap0,Hybrid Tea Cup Isidora,When east and west combine. A collection that reflects ancient historic Western and Eastern ceramic production. Hybrid decorations that come from a co...,SELETTI,6049,Home & Garden > Kitchen & Dining > Tableware > Drinkware > Coffee & Tea Cups,6049,Home & Garden > Kitchen & Dining > Tableware > Drinkware > Coffee & Tea Cups,HIGH,102.525,tea cup,Keyword Match (title),NO,LOW
hybrid-tea-cup-zora-with-saucer-xxizYV,Hybrid Tea Cup Zora with Saucer,When east and west combine. A collection that reflects ancient historic Western and Eastern ceramic production. Hybrid decorations that come from a co...,SELETTI,6049,Home & Garden > Kitchen & Dining > Tableware > Drinkware > Coffee & Tea Cups,6049,Home & Garden > Kitchen & Dining > Tableware > Drinkware > Coffee & Tea Cups,HIGH,102.525,tea cup,Keyword Match (title),NO,LOW
hybrid-teapot-smeraldina-jP5GhE,Hybrid Teapot Smeraldina,When east and west combine. A collection that reflects ancient historic Western and Eastern ceramic production. Hybrid decorations that come from a co...,SELETTI,3330,Home & Garden > Kitchen & Dining > Tableware > Serveware > Serving Pitchers & Carafes,3330,Home & Garden > Kitchen & Dining > Tableware > Serveware > Serving Pitchers & Carafes,HIGH,86.325,teapot,Keyword Match (title),NO,LOW
i-love-you-mug-JY2Lvh,I Love you Mug,The I Love You Mug is made using ceramic. This mug is perfect for telling your loved ones how you feel. Bring them their coffee in the morning and tel...,ANNA + NINA,6049,Home & Garden > Kitchen & Dining > Tableware > Drinkware > Coffee & Tea Cups,3553,Home & Garden > Kitchen & Dining > Tableware > Dinnerware > Plates,HIGH,95.0,dishwasher safe,Keyword Match (description),YES,LOW
i-love-you-plate-sUITA2,Ti Amo Plate,"Chiara Perano is an Italian-English artist and illustrator, based in the South of England.Her style draws inspiration from her Italian roots, from La ...",BITOSSI,3553,Home & Garden > Kitchen & Dining > Tableware > Dinnerware > Plates,3553,Home & Garden > Kitchen & Dining > Tableware > Dinnerware > Plates,HIGH,107.4,dining experience,Keyword Match (description),NO,LOW
jacks-cig-ashtray-large-1w8qhm,Jack’s Cig Ashtray Large,"Make a statement with Jack’s Cig Ashtray, a bold, hand-painted ashtray crafted for outdoor gatherings. With its oversized design and playful splash pa...",VAL POTTERY,4082,Category 4082,4009,Home & Garden > Kitchen & Dining > Tableware > Serveware > Serving Trays,HIGH,83.625,large,Keyword Match (title),YES,LOW
jacks-cig-ashtray-nPYWV9,Jack’s Cig Ashtray,"Add a splash of personality to your outdoor setup with Jack’s Cig: a bold, hand-painted ashtray that brings style and function to your garden table. D...",VAL POTTERY,4082,Category 4082,4009,Home & Garden > Kitchen & Dining > Tableware > Serveware > Serving Trays,HIGH,63.05,tray,Keyword Match (title),YES,LOW
jardin-lidded-vase-F3AkBV,Jardin Lidded Vase,"This timeless porcelain lidded vase adds an elegant touch to your space. Hand-colored in a vibrant orange and white floral motif, the Jardin vase is i...",WERNS,602,Home & Garden > Decor > Vases,602,Home & Garden > Decor > Vases,HIGH,83.05,vase,Keyword Match (title),NO,LOW
je-taime-photo-frame-f1XBp0,Je t'aime Photo Frame,This polyresin photo frame in vibrant yellow adds a playful and lively touch to any space. Perfect for showcasing your favorite memories in a fun and ...,KERSTEN,4295,Category 4295,3367,Home & Garden > Decor > Picture Frames,HIGH,109.95,photo frame,Keyword Match (title),YES,LOW
jug-emily-bone-gloss-YqW4Rm,Jug 'Emily' Bone gloss,"From the Blow Up collection by Home Studyo, the 'Emily' jug transforms everyday function into bold design. With its soft, inflated silhouette and bone...",HOME STUDYO,674,Home & Garden > Kitchen & Dining > Tableware > Drinkware,674,Home & Garden > Kitchen & Dining > Tableware > Drinkware,HIGH,96.6,glossy finish,Keyword Match (description),NO,LOW
jug-emily-moss-gloss-x8TBZR,Jug 'Emily' Moss Gloss,"From the Blow Up collection by Home Studyo, the 'Emily' jug transforms everyday function into bold design. With its soft, inflated silhouette and eart...",HOME STUDYO,674,Home & Garden > Kitchen & Dining > Tableware > Drinkware,674,Home & Garden > Kitchen & Dining > Tableware > Drinkware,HIGH,96.6,glossy finish,Keyword Match (description),NO,LOW
jug-emily-sky-matte-sjVqjD,Jug 'Emily' Sky Matte,"From the Blow Up collection by Home Studyo, the 'Emily' jug transforms everyday function into bold design. With its soft, inflated silhouette and drea...",HOME STUDYO,602,Home & Garden > Decor > Vases,602,Home & Garden > Decor > Vases,HIGH,89.4,matte finish,Keyword Match (description),NO,LOW
jug-emily-yolk-matte-gIGtmY,Jug 'Emily' Yolk matte,"From the Blow Up collection by Home Studyo, the 'Emily' jug transforms everyday function into bold design. With its soft, inflated silhouette and vibr...",HOME STUDYO,602,Home & Garden > Decor > Vases,602,Home & Garden > Decor > Vases,HIGH,89.4,matte finish,Keyword Match (description),NO,LOW
la-tavola-scomposta-cake-stand-ohcRdD,La Tavola Scomposta cake stand,"Gold-tone porcelain La Tavola Scomposta cake stand from Bitossi Home featuring a metallic sheen, a structured design and raw edges.Dimensions:Diametre...",BITOSSI,3553,Home & Garden > Kitchen & Dining > Tableware > Dinnerware > Plates,3553,Home & Garden > Kitchen & Dining > Tableware > Dinnerware > Plates,HIGH,68.8,porcelain,Keyword Match (description),NO,LOW
large-chilli-vase-jgfHcr,Large Chilli Vase,"The Chilli Vase is handmade from ceramic and features a unique, eye-catching design. Its textured surface, inspired by chili peppers, is finished in a...",WERNS,602,Home & Garden > Decor > Vases,602,Home & Garden > Decor > Vases,HIGH,94.2,textured surface,Keyword Match (description),NO,LOW
large-venice-candle-holder-9ERK1X,Large Venice Candle Holder,"The Venice Candle Holder features a sleek, sculptural design, making it a perfect addition to both modern and classic interiors. Standing tall, it cre...",WERNS,2784,Home & Garden > Decor > Home Fragrance Accessories > Candle Holders,2784,Home & Garden > Decor > Home Fragrance Accessories > Candle Holders,HIGH,108.975,candle holder,Keyword Match (title),NO,LOW
lastrologia-catch-all-tray-r8rdzV,L'Astrologia Catch-all Tray,"For horoscope lovers and design enthusiasts alike, this catch-all tray is illustrated by artist Carmi Grau, marking her second collaboration with Bito...",BITOSSI,6456,Home & Garden > Decor > Decorative Trays,4009,Home & Garden > Kitchen & Dining > Tableware > Serveware > Serving Trays,HIGH,81.925,tray,Keyword Match (title),YES,LOW
leela-large-vase-Yz1pBc,Leela Large Vase,"The Leela Large Vase features a contemporary design with a bold, rounded shape in rich purple integrally colored glass. Its sleek and modern silhouett...",WERNS,602,Home & Garden > Decor > Vases,4009,Home & Garden > Kitchen & Dining > Tableware > Serveware > Serving Trays,HIGH,85.25,large,Keyword Match (title),YES,LOW
leela-medium-vase-0Rw06l,Leela Medium Vase,"The Leela Medium features a contemporary design with a bold, rounded shape in rich purple integrally colored glass. Its sleek and modern silhouette ma...",WERNS,602,Home & Garden > Decor > Vases,602,Home & Garden > Decor > Vases,HIGH,83.175,vase,Keyword Match (title),NO,LOW
lemon-vase-jWcote,Lemon Vase,"If life gives you lemons, turn them into a stunning vase!This vase brings zest and vibrancy to any space. It is handmade, vibrant and playful featurin...",WERNS,602,Home & Garden > Decor > Vases,602,Home & Garden > Decor > Vases,HIGH,84.05,vase,Keyword Match (title),NO,LOW
lemonade-can-vase-set-of-3-t1vV4A,Lemonade Can Vase Set of 3,"A playful trio of vases shaped like retro lemonade cans, featuring vibrant fruit-themed labels: Misty Lemon, Wild Strawberry, and Fresh Orange. Each p...",KERSTEN,602,Home & Garden > Decor > Vases,3553,Home & Garden > Kitchen & Dining > Tableware > Dinnerware > Plates,HIGH,85.35,set,Keyword Match (title),YES,LOW
leopard-candle-holder-set-of-2-W54Wir,Set of 2 Leopard Candle Holder,"Elevate your décor with this set of 2 polyresin leopard candle holders. Featuring an elegant gold finish and intricate detailing, these statement piec...",WERNS,2784,Home & Garden > Decor > Home Fragrance Accessories > Candle Holders,2784,Home & Garden > Decor > Home Fragrance Accessories > Candle Holders,HIGH,108.475,candle holder,Keyword Match (title),NO,LOW
lobster-plate-large-vZKc7Q,Lobster Plate Large,"Bring coastal charm to your table with the Large Lobster plate. Hand-painted with a lively red lobster, this generously sized piece is perfect for ser...",VAL POTTERY,3553,Home & Garden > Kitchen & Dining > Tableware > Dinnerware > Plates,3553,Home & Garden > Kitchen & Dining > Tableware > Dinnerware > Plates,HIGH,93.0,plate,Keyword Match (title),NO,LOW
love-in-bloom-gold-vase-RNElJR,Love in Bloom Gold Vase,Love in bloom is a heart-shaped vase that looks like it comes out of a human anatomy essay. A modern love translated into a romantic but unpredictable...,SELETTI,602,Home & Garden > Decor > Vases,3939,Home & Garden > Kitchen & Dining > Tableware > Flatware > Spoons,HIGH,83.05,gold,Keyword Match (title),YES,LOW
love-peace-b9mH5L,Love & Peace,"Bring vibrancy and urban energy to your space. The piece combines a high-quality giclée print with hand-painted accents by an artist, creating a uniqu...",JOY&CO PICKS,500045,Category 500045,3367,Home & Garden > Decor > Picture Frames,HIGH,65.0,frame,Keyword Match (description),YES,LOW
lumiere-jar-l-xJu2Ea,Lumiere Jar L,"This glass jar features a striking striped design in vibrant red and refreshing mint hues. Crafted from high-quality glass, its ribbed texture adds de...",JOY&CO PICKS,602,Home & Garden > Decor > Vases,602,Home & Garden > Decor > Vases,HIGH,94.2,decorative piece,Keyword Match (description),NO,LOW
lumiere-jar-m-rRxnFq,Lumiere Jar M,"This glass jar features a striking striped design in vibrant red and refreshing mint hues. Crafted from high-quality glass, its ribbed texture adds de...",JOY&CO PICKS,602,Home & Garden > Decor > Vases,602,Home & Garden > Decor > Vases,HIGH,94.2,decorative piece,Keyword Match (description),NO,LOW
maastricht-ship-dinner-plate-classics-on-acid-WJeUWg,Maastricht Ship Dinner Plate - Classics on Acid,A classic look with a bold twist for party lovers and eclectic enthusiasts. Seletti x Diesel Living collection revisits well-known classical porcelain...,SELETTI,3553,Home & Garden > Kitchen & Dining > Tableware > Dinnerware > Plates,3553,Home & Garden > Kitchen & Dining > Tableware > Dinnerware > Plates,HIGH,115.4,dinner plate,Keyword Match (title),NO,LOW
mandarino-vase-RRwhKz,Mandarino Vase,"The Mandarino Vase features a bold hand-painted design in vibrant orange and white, adding a touch of modern artistry to your decor. Perfect as a cent...",WERNS,602,Home & Garden > Decor > Vases,602,Home & Garden > Decor > Vases,HIGH,83.55,vase,Keyword Match (title),NO,LOW
mandarino-vase-oSs5Fd,Mandarino Vase,"The Mandarino Vase features a bold hand-painted design in vibrant orange and white, adding a touch of modern artistry to your decor. Perfect as a cent...",WERNS,602,Home & Garden > Decor > Vases,602,Home & Garden > Decor > Vases,HIGH,83.55,vase,Keyword Match (title),NO,LOW
matcha-set-giftbox-pink-fRIAo5,Matcha Set Giftbox Pink,"Discover the art of matcha with this thoughtfully handcrafted set. Complete with a ceramic bowl, bamboo whisk, and matching whisk holder, it’s designe...",VAL POTTERY,3553,Home & Garden > Kitchen & Dining > Tableware > Dinnerware > Plates,3553,Home & Garden > Kitchen & Dining > Tableware > Dinnerware > Plates,HIGH,90.725,set,Keyword Match (title),NO,LOW
matcha-set-giftbox-yellow-igGm0V,Matcha set giftbox yellow,"Discover the art of matcha with this thoughtfully handcrafted set. Complete with a ceramic bowl, bamboo whisk, and matching whisk holder, it’s designe...",VAL POTTERY,3553,Home & Garden > Kitchen & Dining > Tableware > Dinnerware > Plates,3553,Home & Garden > Kitchen & Dining > Tableware > Dinnerware > Plates,HIGH,90.725,set,Keyword Match (title),NO,LOW
medium-venice-candle-holder-nal7NS,Medium Venice Candle Holder,"The Venice Candle Holder features a sleek, sculptural design, making it a perfect addition to both modern and classic interiors. Standing tall, it cre...",WERNS,2784,Home & Garden > Decor > Home Fragrance Accessories > Candle Holders,2784,Home & Garden > Decor > Home Fragrance Accessories > Candle Holders,HIGH,108.85,candle holder,Keyword Match (title),NO,LOW
misty-lemon-can-vase-UIb0lj,Misty Lemon Can Vase,"Bring a zesty twist to your decor with the Misty Lemon Can vase. Designed like a retro lemonade can with striped citrus tones and a fresh lemon label,...",KERSTEN,602,Home & Garden > Decor > Vases,602,Home & Garden > Decor > Vases,HIGH,82.8,vase,Keyword Match (title),NO,LOW
modern-lisa-yk0QO3,Modern Lisa,"This piece reimagines the timeless classic through a vibrant graffiti-inspired lens, blending iconic Renaissance art with edgy urban aesthetics. The p...",JOY&CO PICKS,3553,Home & Garden > Kitchen & Dining > Tableware > Dinnerware > Plates,3553,Home & Garden > Kitchen & Dining > Tableware > Dinnerware > Plates,HIGH,89.2,modern,Keyword Match (title),NO,LOW
mug-i-know-qcJ8sD,Mug I Know,The I Know Mug is made using ceramic. We all know that you need coffee in the morning to start your day well. This is the perfect mug for your beloved...,ANNA + NINA,3553,Home & Garden > Kitchen & Dining > Tableware > Dinnerware > Plates,3553,Home & Garden > Kitchen & Dining > Tableware > Dinnerware > Plates,HIGH,95.0,dishwasher safe,Keyword Match (description),NO,LOW
nala-candle-holder-UsgmDg,Nala Candle Holder,"An elegant candle holder with a narrow, refined design. Ideal for creating a warm and stylish atmosphere in any room.*Material: Porcelain*Dimensions: ...",KERSTEN,2784,Home & Garden > Decor > Home Fragrance Accessories > Candle Holders,2784,Home & Garden > Decor > Home Fragrance Accessories > Candle Holders,HIGH,109.975,candle holder,Keyword Match (title),NO,LOW
neon-citrine-hobnail-jug-PmY5xi,Neon Citrine Hobnail Jug,Prepare to liven up any casual indoor or outdoor gathering with this all-purpose handmade hobnail crystal glass jug. A modern approach towards the Boh...,KLIMCHI,3330,Home & Garden > Kitchen & Dining > Tableware > Serveware > Serving Pitchers & Carafes,3330,Home & Garden > Kitchen & Dining > Tableware > Serveware > Serving Pitchers & Carafes,HIGH,80.975,jug,Keyword Match (title),NO,LOW
neon-citrine-hobnail-tumblers-set-of-6-3uVHor,Set of 6 Neon Citrine Hobnail Tumblers,"Be different from the crowd and take a unique twist on a timeless classic. A modern approach to the Bohemian glass tradition, this set of handmade neo...",KLIMCHI,2951,Home & Garden > Kitchen & Dining > Tableware > Drinkware > Tumblers,3553,Home & Garden > Kitchen & Dining > Tableware > Dinnerware > Plates,HIGH,89.6,set,Keyword Match (title),YES,LOW
nora-candle-holder-vqp6ua,Nora Pink Candle Holder,"The Nora Candle Holder, featuring a layered sphere silhouette and vibrant color options in citrus green, purple, and blush pink glass, brings a modern...",WERNS,2784,Home & Garden > Decor > Home Fragrance Accessories > Candle Holders,2784,Home & Garden > Decor > Home Fragrance Accessories > Candle Holders,HIGH,109.35,candle holder,Keyword Match (title),NO,LOW
nora-green-candle-holder-hLo94e,Nora Green Candle Holder,"The Nora Candle Holder, featuring a layered sphere silhouette and vibrant color options in citrus green, purple, and blush pink glass, brings a modern...",WERNS,2784,Home & Garden > Decor > Home Fragrance Accessories > Candle Holders,2784,Home & Garden > Decor > Home Fragrance Accessories > Candle Holders,HIGH,109.225,candle holder,Keyword Match (title),NO,LOW
nora-purple-candle-holder-kwNBcR,Nora Purple Candle Holder,"The Nora Candle Holder, featuring a layered sphere silhouette and vibrant color options in citrus green, purple, and blush pink glass, brings a modern...",WERNS,2784,Home & Garden > Decor > Home Fragrance Accessories > Candle Holders,2784,Home & Garden > Decor > Home Fragrance Accessories > Candle Holders,HIGH,109.1,candle holder,Keyword Match (title),NO,LOW
nye-glass-classics-on-acid-UfwDNd,NYE Glass - Classics on Acid,A classic look with a bold twist for party lovers and eclectic enthusiasts. Seletti x Diesel Living collection revisits well-known classical porcelain...,SELETTI,3553,Home & Garden > Kitchen & Dining > Tableware > Dinnerware > Plates,3553,Home & Garden > Kitchen & Dining > Tableware > Dinnerware > Plates,HIGH,94.9,classic,Keyword Match (title),NO,LOW
paint-the-world-with-love-V6VbrO,Paint the World with Love,"Add a pop of color and urban flair to your space with this vibrant glass art, featuring a bold ""LOVE"" graffiti design.Dimensions: 80x120x0.4cmMaterial...",JOY&CO PICKS,602,Home & Garden > Decor > Vases,602,Home & Garden > Decor > Vases,HIGH,58.4,display,Keyword Match (description),NO,LOW
palm-tree-linen-napkins-set-of-4-H8N5uf,Palm Tree Linen Placemat Set of 4,Palm trees design embroidered in gold and green on off-white 100% linen fabric.Material: 100% LinenDimensions: 35x45cmCold machine-wash only.Line dry ...,JOY&CO PICKS,4203,Category 4203,1985,Home & Garden > Kitchen & Dining > Table Linens,HIGH,87.6,placemat,Keyword Match (title),YES,LOW
palm-tree-linen-napkins-set-of-4-Q7LhiL,Palm Tree Linen Napkins Set of 4,Palm trees design embroidered in gold and green on off-white 100% linen fabric.Material: 100% LinenDimensions: 35x35cmCold machine-wash only.Line dry ...,JOY&CO PICKS,4203,Category 4203,1985,Home & Garden > Kitchen & Dining > Table Linens,HIGH,86.4,napkins,Keyword Match (title),YES,LOW
papillion-lidded-jar-hEOqcQ,Papillion Lidded Jar,This timeless hand-colored porcelain lidded jar adds an elegant touch to your space.*Material: Porcelain*Dimensions: 19x18x20 cm,WERNS,7113,Category 7113,674,Home & Garden > Kitchen & Dining > Tableware > Drinkware,HIGH,81.475,jar,Keyword Match (title),YES,LOW
papillion-lidded-vase-oSf7xQ,Papillion Lidded Vase,"This timeless porcelain lidded vase adds an elegant touch to your space. Hand-colored in a vibrant orange and white floral motif, the Papillon vase is...",WERNS,602,Home & Garden > Decor > Vases,602,Home & Garden > Decor > Vases,HIGH,82.675,vase,Keyword Match (title),NO,LOW
paradise-cocktail-glass-set-of-2-EMpePq,Set of 2 Paradise Cocktail Glass,The Paradise Cocktail Glass Set is the perfect addition to add some playful colour to your glass collection. The glass has a wide design with an illum...,ANNA + NINA,674,Home & Garden > Kitchen & Dining > Tableware > Drinkware,674,Home & Garden > Kitchen & Dining > Tableware > Drinkware,HIGH,111.55,cocktail glass,Keyword Match (title),NO,LOW
parrot-candelabra-Kiv1zP,Parrot Candelabra,"The Parrot Candelabra showcases a detailed blue parrot perched on a gold-finished branch adorned with leaves and flowers. It holds three candles, each...",WERNS,230911,Category 230911,2784,Home & Garden > Decor > Home Fragrance Accessories > Candle Holders,HIGH,91.125,candelabra,Keyword Match (title),YES,LOW
parrot-candle-holder-2AqvCv,Parrot Candle Holder,"The Parrot Candle Holder set includes two pieces in blue and gold. Made from durable polyresin, each holder features a detailed parrot on an ornate ba...",WERNS,2784,Home & Garden > Decor > Home Fragrance Accessories > Candle Holders,2784,Home & Garden > Decor > Home Fragrance Accessories > Candle Holders,HIGH,109.725,candle holder,Keyword Match (title),NO,LOW
pastel-sorbet-vase-OrKZAc,Pastel Sorbet Vase,"A sculptural statement with serious personality. The Pastel Sorbet Vase stands with a cascade of glossy, multicolored spheres in dreamy pastel tones o...",KERSTEN,602,Home & Garden > Decor > Vases,602,Home & Garden > Decor > Vases,HIGH,83.05,vase,Keyword Match (title),NO,LOW
pearl-parade-bowl-9Og8cu,Pearl Parade Bowl,"Elegant with a twist, the Pearl Parade Bowl transforms everyday moments into sculptural statements. Crafted from ivory-hued stoneware and rimmed with ...",KERSTEN,3498,Home & Garden > Kitchen & Dining > Tableware > Dinnerware > Bowls,3498,Home & Garden > Kitchen & Dining > Tableware > Dinnerware > Bowls,HIGH,87.175,bowl,Keyword Match (title),NO,LOW
pearl-parade-oval-serving-tray-9xGRxq,Pearl Parade Oval Serving Tray,"Striking, sculptural, and full of personality. This ivory stoneware tray is edged with  spheres - just like pearls - adding a bold, playful twist to a...",KERSTEN,6456,Home & Garden > Decor > Decorative Trays,4009,Home & Garden > Kitchen & Dining > Tableware > Serveware > Serving Trays,HIGH,107.15,serving tray,Keyword Match (title),YES,LOW
pearl-parade-round-serving-tray-q4w3aS,Pearl Parade Round Serving Tray,"Striking, sculptural, and full of personality. This ivory stoneware tray is edged with spheres - just like pearls - adding a bold, playful twist to an...",KERSTEN,6456,Home & Garden > Decor > Decorative Trays,4009,Home & Garden > Kitchen & Dining > Tableware > Serveware > Serving Trays,HIGH,107.025,serving tray,Keyword Match (title),YES,LOW
pegasus-breakfast-plate-rOnjMj,Pegasus Breakfast Plate,The Pegasus Breakfast Plate has a stunningly creative design that will remind you of life’s magic in the small things. The elegant hand-painted pegasu...,ANNA + NINA,3553,Home & Garden > Kitchen & Dining > Tableware > Dinnerware > Plates,3553,Home & Garden > Kitchen & Dining > Tableware > Dinnerware > Plates,HIGH,99.8,microwave safe,Keyword Match (description),NO,LOW
pegasus-striped-cake-platter-gGfYcN,Pegasus Striped Cake Platter,The Pegasus Striped Cake Plate makes your favourite cake look even more delicious. Enjoy your treat to reveal the elegantly hand-painted pegasus in th...,ANNA + NINA,3553,Home & Garden > Kitchen & Dining > Tableware > Dinnerware > Plates,3553,Home & Garden > Kitchen & Dining > Tableware > Dinnerware > Plates,HIGH,97.0,dishwasher safe,Keyword Match (description),NO,LOW
petra-candle-holder-5RJlNo,Petra Green Candle Holder,"The Petra Candle Holder, featuring a swirled disc design and vibrant color options in lime green, blush pink, and purple glass, brings a modern and st...",WERNS,2784,Home & Garden > Decor > Home Fragrance Accessories > Candle Holders,2784,Home & Garden > Decor > Home Fragrance Accessories > Candle Holders,HIGH,109.1,candle holder,Keyword Match (title),NO,LOW
petra-pink-candle-holder-gmftTY,Petra Pink Candle Holder,"The Petra Candle Holder, featuring a swirled disc design and vibrant color options in lime green, blush pink, and purple glass, brings a modern and st...",WERNS,2784,Home & Garden > Decor > Home Fragrance Accessories > Candle Holders,2784,Home & Garden > Decor > Home Fragrance Accessories > Candle Holders,HIGH,109.225,candle holder,Keyword Match (title),NO,LOW
petra-purple-candle-holder-4rsvSz,Petra Purple Candle Holder,"The Petra Candle Holder, featuring a swirled disc design and vibrant color options in lime green, blush pink, and purple glass, brings a modern and st...",WERNS,2784,Home & Garden > Decor > Home Fragrance Accessories > Candle Holders,2784,Home & Garden > Decor > Home Fragrance Accessories > Candle Holders,HIGH,108.975,candle holder,Keyword Match (title),NO,LOW
philine-candle-holder-hGtibu,Philine Candle Holder,"The Philine Candle Holder with its layered sphere silhouette and vibrant combination of lime green and soft blush pink glass, adds a modern and stylis...",WERNS,2784,Home & Garden > Decor > Home Fragrance Accessories > Candle Holders,2784,Home & Garden > Decor > Home Fragrance Accessories > Candle Holders,HIGH,109.6,candle holder,Keyword Match (title),NO,LOW
pine-scalloped-dinner-plate-EmNJaO,Pine Scalloped Dinner Plate,The Pine Scalloped Dinner Plate has a dazzling design that effortlessly illuminates your table setting. The hand-painted beautiful pine-green stripes ...,ANNA + NINA,3553,Home & Garden > Kitchen & Dining > Tableware > Dinnerware > Plates,3553,Home & Garden > Kitchen & Dining > Tableware > Dinnerware > Plates,HIGH,115.525,dinner plate,Keyword Match (title),NO,LOW
pink-kiss-planter-wNl1qY,Pink Kiss Planter,"Bring a bold, modern twist to your décor with the Pink Kiss Planter in soft pink. Sculpted from fine earthenware, its striking shape and glossy finish...",KERSTEN,721,Category 721,674,Home & Garden > Kitchen & Dining > Tableware > Drinkware,HIGH,90.6,glossy finish,Keyword Match (description),YES,LOW
pink-scalloped-dinner-plate-fMD6g5,Pink Scalloped Dinner Plate,The Pink Scalloped Dinner Plate has a dazzling design that effortlessly illuminates your table setting. The hand-painted beautiful pink stripes around...,ANNA + NINA,3553,Home & Garden > Kitchen & Dining > Tableware > Dinnerware > Plates,3553,Home & Garden > Kitchen & Dining > Tableware > Dinnerware > Plates,HIGH,113.525,dinner plate,Keyword Match (title),NO,LOW
powder-striped-cappuccino-mug-S4e6w4,Powder Striped Cappuccino Mug,The Powder Striped Cappuccino Mug is a playfully hand-painted piece with an eclectic blue and turquoise striped design that ensures an energising and ...,ANNA + NINA,3553,Home & Garden > Kitchen & Dining > Tableware > Dinnerware > Plates,3553,Home & Garden > Kitchen & Dining > Tableware > Dinnerware > Plates,HIGH,95.8,microwave safe,Keyword Match (description),NO,LOW
powder-striped-jug-suAk5v,Powder Striped Jug,The Powder Striped Jug is a stunningly hand-painted piece that will make your table setting look delicious. The eclectic blue and turquoise striped de...,ANNA + NINA,3553,Home & Garden > Kitchen & Dining > Tableware > Dinnerware > Plates,3553,Home & Garden > Kitchen & Dining > Tableware > Dinnerware > Plates,HIGH,99.8,microwave safe,Keyword Match (description),NO,LOW
powder-striped-yogurt-bowl-FSlq6Q,Powder Striped Yogurt Bowl,The Powder Striped Yogurt Bowl is an eclectic item that elevates your breakfast table. The Joyfully hand-painted blue stripes pave the way to a colour...,ANNA + NINA,3553,Home & Garden > Kitchen & Dining > Tableware > Dinnerware > Plates,3553,Home & Garden > Kitchen & Dining > Tableware > Dinnerware > Plates,HIGH,97.8,microwave safe,Keyword Match (description),NO,LOW
psycho-salad-bowl-classics-on-acid-I0fOr5,Psycho Salad Bowl - Classics on Acid,A classic look with a bold twist for party lovers and eclectic enthusiasts. Seletti x Diesel Living collection revisits well-known classical porcelain...,SELETTI,3498,Home & Garden > Kitchen & Dining > Tableware > Dinnerware > Bowls,3498,Home & Garden > Kitchen & Dining > Tableware > Dinnerware > Bowls,HIGH,114.125,salad bowl,Keyword Match (title),NO,LOW
ramadan-nights-linen-napkins-set-of-4-dTIbPj,Ramadan Nights Linen Napkins Set of 4,The Ramadan Nights napkins is a mix of royality and festivity. The design features a gold crescent moon iin a starlit sky of gold and silver stars emb...,JOY&CO PICKS,4203,Category 4203,1985,Home & Garden > Kitchen & Dining > Table Linens,HIGH,85.775,napkins,Keyword Match (title),YES,LOW
relaxing-leo-jL7fXt,Relaxing Leo,"This unique glass picture blends elegance and wilderness. The composition combines luxury with untamed nature, making it a captivating focal point for...",JOY&CO PICKS,500044,Home & Garden > Decor > Artwork,602,Home & Garden > Decor > Vases,HIGH,88.2,focal point,Keyword Match (description),YES,LOW
retro-cushion-orange-pKlI82,Retro Cushion Orange,"Bring a bold touch to your space with this multi-colored retro velvet cushion. Featuring a vibrant geometric design, it’s perfect for adding a playful...",KERSTEN,4453,Category 4453,602,Home & Garden > Decor > Vases,HIGH,86.0,retro,Keyword Match (title),YES,LOW
retro-cushion-pink-0s6NHY,Retro Cushion Pink,"Bring a bold touch to your space with this multi-colored retro velvet cushion. Featuring a vibrant geometric design, it’s perfect for adding a playful...",KERSTEN,4453,Category 4453,602,Home & Garden > Decor > Vases,HIGH,86.0,retro,Keyword Match (title),YES,LOW
retro-cushion-yellow-YRVYAZ,Retro Cushion Yellow,"Bring a bold touch to your space with this multi-colored retro velvet cushion. Featuring a vibrant geometric design, it’s perfect for adding a playful...",KERSTEN,4453,Category 4453,602,Home & Garden > Decor > Vases,HIGH,86.0,retro,Keyword Match (title),YES,LOW
rock-style-wqoBAi,Rock Style,"Add a bold, rebellious statement to your space with this striking pop art canvas. The piece combines a high-quality giclée print with hand-painted acc...",JOY&CO PICKS,500045,Category 500045,3367,Home & Garden > Decor > Picture Frames,HIGH,65.0,frame,Keyword Match (description),YES,LOW
romy-candle-holder-bFYHHJ,Romy Candle Holder,"The Romy Candle Holder with its bubble tower form and vibrant lime green glass, adds a modern and stylish touch to any space.Material: GlassDimensions...",WERNS,2784,Home & Garden > Decor > Home Fragrance Accessories > Candle Holders,2784,Home & Garden > Decor > Home Fragrance Accessories > Candle Holders,HIGH,109.975,candle holder,Keyword Match (title),NO,LOW
roots-black-candle-holder-5uYzA6,Roots Black Candle Holder,"The Roots Candle Holder showcases a sophisticated branching design, meticulously handmade crafted from aluminum. Available in elegant silver and black...",WERNS,2784,Home & Garden > Decor > Home Fragrance Accessories > Candle Holders,2784,Home & Garden > Decor > Home Fragrance Accessories > Candle Holders,HIGH,109.1,candle holder,Keyword Match (title),NO,LOW
roots-silver-candle-holder-9tOJ5v,Roots Silver Candle Holder,"The Roots Candle Holder showcases a sophisticated branching design, meticulously handmade crafted from aluminium. Available in elegant silver and blac...",WERNS,2784,Home & Garden > Decor > Home Fragrance Accessories > Candle Holders,2784,Home & Garden > Decor > Home Fragrance Accessories > Candle Holders,HIGH,108.975,candle holder,Keyword Match (title),NO,LOW
saluti-photo-frame-S3nQjl,Saluti Photo Frame,"This polyresin photo frame features a vibrant stripe pattern in multiple colors, adding a playful and lively touch to any space. Perfect for showcasin...",KERSTEN,4295,Category 4295,3367,Home & Garden > Decor > Picture Frames,HIGH,110.325,photo frame,Keyword Match (title),YES,LOW
samatha-candle-holder-ogP5cL,Samatha Candle Holder,"The Samantha Candle Holder with its layered sphere silhouette and vibrant combination of fuchsia pink and emerald green glass, adds a modern and styli...",WERNS,2784,Home & Garden > Decor > Home Fragrance Accessories > Candle Holders,2784,Home & Garden > Decor > Home Fragrance Accessories > Candle Holders,HIGH,109.6,candle holder,Keyword Match (title),NO,LOW
sandy-candle-holder-HJHOe0,Sandy Candle Holder,"The Sandy Candle Holder with its feminine curves and vibrant citrus green glass, adds a modern and stylish touch to any space.Material: GlassDimension...",WERNS,2784,Home & Garden > Decor > Home Fragrance Accessories > Candle Holders,2784,Home & Garden > Decor > Home Fragrance Accessories > Candle Holders,HIGH,109.85,candle holder,Keyword Match (title),NO,LOW
set-of-6-colored-goblets-amberpink-zjNnY1,Set of 6 Colored Goblets Amber/Pink,Celebrate artistic diversity with the Bitossi Goblet Glass Set in assorted shapes. This set of six goblets features blown colored glass with hints of ...,BITOSSI,674,Home & Garden > Kitchen & Dining > Tableware > Drinkware,3553,Home & Garden > Kitchen & Dining > Tableware > Dinnerware > Plates,HIGH,91.6,set,Keyword Match (title),YES,LOW
set-of-6-colored-goblets-bluegreen-ngatfZ,Set of 6 Colored Goblets Blue/Green,Celebrate artistic diversity with the Bitossi Goblet Glass Set in assorted shapes. This set of six goblets features blown colored glass with hints of ...,BITOSSI,674,Home & Garden > Kitchen & Dining > Tableware > Drinkware,3553,Home & Garden > Kitchen & Dining > Tableware > Dinnerware > Plates,HIGH,91.6,set,Keyword Match (title),YES,LOW
shut-up-mug-91SeML,Shut Up Mug,"The Shut Up Mug is made using ceramic. This mug is for everyone who is not a morning person and in deep need of coffee always. With this statement, no...",ANNA + NINA,3553,Home & Garden > Kitchen & Dining > Tableware > Dinnerware > Plates,3553,Home & Garden > Kitchen & Dining > Tableware > Dinnerware > Plates,HIGH,95.0,dishwasher safe,Keyword Match (description),NO,LOW
skyline-vase-9yZABA,Skyline Vase,"A compact stoneware vase in a soft lilac hue, designed with clean vertical lines and an elegant silhouette. Its subtle presence makes it perfect for s...",KERSTEN,602,Home & Garden > Decor > Vases,602,Home & Garden > Decor > Vases,HIGH,83.8,vase,Keyword Match (title),NO,LOW
small-chilli-vase-bPvwoR,Small Chilli Vase,"The Chilli Vase is handmade from ceramic and features a unique, eye-catching design. Its textured surface, inspired by chili peppers, is finished in a...",WERNS,602,Home & Garden > Decor > Vases,602,Home & Garden > Decor > Vases,HIGH,94.2,textured surface,Keyword Match (description),NO,LOW
small-cups-mixed-shapes-set-of-six-ITei5v,Small Cups Mixed Shapes Set of Six,"Add a burst of color and charm to your table with this set of six small cups, each featuring a unique shape and subtle tinted hue. Skillfully crafted ...",BITOSSI,3553,Home & Garden > Kitchen & Dining > Tableware > Dinnerware > Plates,3553,Home & Garden > Kitchen & Dining > Tableware > Dinnerware > Plates,HIGH,90.6,set,Keyword Match (title),NO,LOW
soup-plate-pagoda-classics-on-acid-x829dw,Soup Plate Pagoda - Classics on Acid,A classic look with a bold twist for party lovers and eclectic enthusiasts. Seletti x Diesel Living collection revisits well-known classical porcelain...,SELETTI,3553,Home & Garden > Kitchen & Dining > Tableware > Dinnerware > Plates,3553,Home & Garden > Kitchen & Dining > Tableware > Dinnerware > Plates,HIGH,93.9,classic,Keyword Match (title),NO,LOW
squared-trinket-tray-jYRIfq,Squared Trinket Tray,"Il Frutto della Passione is a collaboration between Bitossi Home and Pangea, a creative fusion of art, fashion, and performance debuting at Milan Desi...",BITOSSI,6456,Home & Garden > Decor > Decorative Trays,6456,Home & Garden > Decor > Decorative Trays,HIGH,108.4,trinket tray,Keyword Match (title),NO,LOW
stella-deep-plate-60wtiW,Stella Deep Plate,"Il Frutto della Passione is a collaboration between Bitossi Home and Pangea, a creative fusion of art, fashion, and performance debuting at Milan Desi...",BITOSSI,3498,Home & Garden > Kitchen & Dining > Tableware > Dinnerware > Bowls,3498,Home & Garden > Kitchen & Dining > Tableware > Dinnerware > Bowls,HIGH,116.125,deep plate,Keyword Match (title),NO,LOW
stella-dessert-plate-n4IsPH,Stella Dessert Plate,"Il Frutto della Passione is a collaboration between Bitossi Home and Pangea, a creative fusion of art, fashion, and performance debuting at Milan Desi...",BITOSSI,3553,Home & Garden > Kitchen & Dining > Tableware > Dinnerware > Plates,3553,Home & Garden > Kitchen & Dining > Tableware > Dinnerware > Plates,HIGH,117.725,dessert plate,Keyword Match (title),NO,LOW
stella-dinner-plate-1l2i66,Stella Dinner Plate,"Il Frutto della Passione is a collaboration between Bitossi Home and Pangea, a creative fusion of art, fashion, and performance debuting at Milan Desi...",BITOSSI,3553,Home & Garden > Kitchen & Dining > Tableware > Dinnerware > Plates,3553,Home & Garden > Kitchen & Dining > Tableware > Dinnerware > Plates,HIGH,120.525,dinner plate,Keyword Match (title),NO,LOW
stella-round-plate-UP0upm,Stella Round Plate,"Il Frutto della Passione is a collaboration between Bitossi Home and Pangea, a creative fusion of art, fashion, and performance debuting at Milan Desi...",BITOSSI,3553,Home & Garden > Kitchen & Dining > Tableware > Dinnerware > Plates,3553,Home & Garden > Kitchen & Dining > Tableware > Dinnerware > Plates,HIGH,94.375,plate,Keyword Match (title),NO,LOW
strawberry-vase-E6CYHt,Strawberry Vase,"Make a bold statement with this vibrant piece featuring a playful strawberry design. Perfect as a decorative accent or a unique vase, it adds a fun an...",KERSTEN,602,Home & Garden > Decor > Vases,602,Home & Garden > Decor > Vases,HIGH,83.425,vase,Keyword Match (title),NO,LOW
striped-lidded-vase-vV1XPo,Striped Lidded Vase,"This bold lidded vase with red and white stripes adds a vibrant and whimsical touch to your space. Hand-painted on porcelain, its striking design is c...",WERNS,602,Home & Garden > Decor > Vases,602,Home & Garden > Decor > Vases,HIGH,94.2,decorative piece,Keyword Match (description),NO,LOW
sugar-bowl-KoIAB8,Sugar Bowl,"Bring a touch of timeless elegance to your tea or coffee setup with this clear sugar bowl, beautifully crafted from thermal shock–resistant borosilica...",BITOSSI,3330,Home & Garden > Kitchen & Dining > Tableware > Serveware > Serving Pitchers & Carafes,3330,Home & Garden > Kitchen & Dining > Tableware > Serveware > Serving Pitchers & Carafes,HIGH,107.0,sugar bowl,Keyword Match (title),NO,LOW
sugarline-vase-9rFoY2,Sugarline Vase,"Sleek, subtle, and sweet. This pink stoneware vase brings a gentle charm to any space with its sculptural silhouette and soft hue. Whether styled with...",KERSTEN,602,Home & Garden > Decor > Vases,602,Home & Garden > Decor > Vases,HIGH,83.55,vase,Keyword Match (title),NO,LOW
sugarvault-jar-l-bykFhe,SugarVault Jar L,"This glass jar features a striking striped design in warm orange and refreshing mint hues. Crafted from high-quality glass, its ribbed texture adds de...",JOY&CO PICKS,602,Home & Garden > Decor > Vases,602,Home & Garden > Decor > Vases,HIGH,94.2,decorative piece,Keyword Match (description),NO,LOW
sugarvault-jar-m-q7f2Tq,SugarVault Jar M,"This glass jar features a striking striped design in warm orange and refreshing mint hues. Crafted from high-quality glass, its ribbed texture adds de...",JOY&CO PICKS,602,Home & Garden > Decor > Vases,602,Home & Garden > Decor > Vases,HIGH,94.2,decorative piece,Keyword Match (description),NO,LOW
sugarvault-jar-s-NejKK6,SugarVault Jar S,"This glass jar features a striking striped design in warm orange and refreshing mint hues. Crafted from high-quality glass, its ribbed texture adds de...",JOY&CO PICKS,602,Home & Garden > Decor > Vases,602,Home & Garden > Decor > Vases,HIGH,94.2,decorative piece,Keyword Match (description),NO,LOW
sunbeam-vase-iSeYkN,Sunbeam Vase,"This yellow stoneware vase features a textured design and a vibrant hue, making it perfect for adding a cheerful touch to any interior.*Material: Ston...",KERSTEN,602,Home & Garden > Decor > Vases,602,Home & Garden > Decor > Vases,HIGH,83.8,vase,Keyword Match (title),NO,LOW
sunny-wave-vase-j1TarN,Sunny Wave Vase,"This yellow dolomite vase features bold blue wavy handles, making it a lively and striking decorative piece. Perfect for adding a playful touch to any...",KERSTEN,602,Home & Garden > Decor > Vases,602,Home & Garden > Decor > Vases,HIGH,94.2,decorative piece,Keyword Match (description),NO,LOW
sunshine-glass-vase-Gqvfu5,Sunshine Glass Vase,A yellow glass vase that gives a cheerful accent to your interior with its sunny color.*Material: Glass*Dimensions: 8.8x8.8x22cm,KERSTEN,602,Home & Garden > Decor > Vases,674,Home & Garden > Kitchen & Dining > Tableware > Drinkware,HIGH,84.875,glass,Keyword Match (title),YES,LOW
sweetkeeper-light-yellow-jar-MfSjub,Sweetkeeper Light Yellow Jar,"Add a touch of elegance to your space with this light yellow glass bonbonniere. Featuring a delicate diamond-cut pattern and a vintage-inspired lid, i...",JOY&CO PICKS,594,Home & Garden > Lighting > Lamps,594,Home & Garden > Lighting > Lamps,HIGH,87.5,light,Keyword Match (title),NO,LOW
talavera-soup-plate-classics-on-acid-f5iyo7,Talavera Soup Plate - Classics on Acid,A classic look with a bold twist for party lovers and eclectic enthusiasts. Seletti x Diesel Living collection revisits well-known classical porcelain...,SELETTI,3553,Home & Garden > Kitchen & Dining > Tableware > Dinnerware > Plates,3553,Home & Garden > Kitchen & Dining > Tableware > Dinnerware > Plates,HIGH,93.65,classic,Keyword Match (title),NO,LOW
tangerine-twist-vase-m7G1iP,Tangerine Twist Vase,"This orange dolomite vase features playful wavy handles, making it a striking and lively decorative piece. Perfect for adding a bold touch to any spac...",KERSTEN,602,Home & Garden > Decor > Vases,602,Home & Garden > Decor > Vases,HIGH,94.2,decorative piece,Keyword Match (description),NO,LOW
tea-cups-wplate-set-of-two-fKGiZh,Tea Cups W/Plate Set of Two,"Elevate your tea ritual with this enchanting glass cup and matching saucer, crafted from thermal shock resistant borosilicate. Its clear, fluted desig...",BITOSSI,6049,Home & Garden > Kitchen & Dining > Tableware > Drinkware > Coffee & Tea Cups,6049,Home & Garden > Kitchen & Dining > Tableware > Drinkware > Coffee & Tea Cups,HIGH,104.6,tea cups,Keyword Match (title),NO,LOW
teapot-UXKZyi,Teapot,"Add a touch of timeless romance to your tea ritual with this elegant teapot, crafted from clear borosilicate glass. The translucent design lets you wa...",BITOSSI,3330,Home & Garden > Kitchen & Dining > Tableware > Serveware > Serving Pitchers & Carafes,3330,Home & Garden > Kitchen & Dining > Tableware > Serveware > Serving Pitchers & Carafes,HIGH,87.2,teapot,Keyword Match (title),NO,LOW
the-joy-frame-set-GTfjJy,The Joy Frame Set,"Add a joyful splash of personality to your shelves with this playful set of 4 polyresin photo frames. Featuring vibrant stripes, bold colors, and chee...",KERSTEN,4295,Category 4295,3367,Home & Garden > Decor > Picture Frames,HIGH,88.0,frame,Keyword Match (title),YES,LOW
tissue-box-orange-pWgfkV,Tissue Box Orange,"Elevate everyday essentials with this vibrant ceramic tissue box. Hand-painted in playful orange and blue stripes, it adds a cheerful, artistic touch ...",VAL POTTERY,602,Home & Garden > Decor > Vases,602,Home & Garden > Decor > Vases,HIGH,78.2,living room,Keyword Match (description),NO,LOW
tissue-box-yellow-wzvC7o,Tissue Box Yellow,"Add a cheerful, artistic accent to your home with this hand-painted ceramic tissue box. Featuring bright yellow details and deep blue lines, it turns ...",VAL POTTERY,3553,Home & Garden > Kitchen & Dining > Tableware > Dinnerware > Plates,3553,Home & Garden > Kitchen & Dining > Tableware > Dinnerware > Plates,HIGH,64.4,ceramic,Keyword Match (description),NO,LOW
tower-vase-9HSBd7,Tower Vase,"A sculptural statement with serious personality. The Tower Vase stands tall with a cascade of glossy, multicolored spheres in dreamy pastel tones of b...",KERSTEN,602,Home & Garden > Decor > Vases,602,Home & Garden > Decor > Vases,HIGH,84.05,vase,Keyword Match (title),NO,LOW
tropic-twist-vase-8dCYxo,Tropic Twist Vase,"Bring joy and bold character into your space with this playful polyresin vase. Featuring a ruffled rim, striped body in vibrant green and cream, and t...",KERSTEN,602,Home & Garden > Decor > Vases,602,Home & Garden > Decor > Vases,HIGH,99.0,conversation starter,Keyword Match (description),NO,LOW
tropical-vase-JoQGyk,Tropical Vase,"This multi-colored polyresin vase features a vibrant bird and floral 3D design, making it a perfect statement piece for a lively and artistic touch to...",KERSTEN,602,Home & Garden > Decor > Vases,602,Home & Garden > Decor > Vases,HIGH,83.675,vase,Keyword Match (title),NO,LOW
twist-flicker-candleholder-pink-JT2eWd,Twist & Flicker Candleholder Pink,"With its sculptural curves and organic form, the Twist & Flicker candle holder brings modern edge to your space. Crafted from polyresin in a matte pin...",KERSTEN,588,Home & Garden > Decor > Home Fragrances > Candles,588,Home & Garden > Decor > Home Fragrances > Candles,HIGH,85.2,candle,Keyword Match (title),NO,LOW
twist-flicker-candleholder-white-sAsYLc,Twist & Flicker Candleholder White,"With its sculptural curves and organic form, the Twist & Flicker candle holder brings modern edge to your space. Crafted from polyresin in a matte whi...",KERSTEN,588,Home & Garden > Decor > Home Fragrances > Candles,588,Home & Garden > Decor > Home Fragrances > Candles,HIGH,85.2,candle,Keyword Match (title),NO,LOW
twist-glow-candleholder-green-bbkcUk,Twist & Glow Candleholder Green,"Bold and sculptural, the Twist & Glow is a statement candle holder made to elevate your space. Its organic form, speckled green finish, and three tape...",KERSTEN,588,Home & Garden > Decor > Home Fragrances > Candles,588,Home & Garden > Decor > Home Fragrances > Candles,HIGH,85.575,candle,Keyword Match (title),NO,LOW
twist-glow-candleholder-orange-3nhp4A,Twist & Glow Candleholder Orange,"Bold and sculptural, the Twist & Glow is a statement candle holder made to elevate your space. Its organic form, speckled orange finish, and three tap...",KERSTEN,588,Home & Garden > Decor > Home Fragrances > Candles,588,Home & Garden > Decor > Home Fragrances > Candles,HIGH,85.575,candle,Keyword Match (title),NO,LOW
vase-oscar-bone-gloss-aA1JJf,Vase 'Óscar' Bone Gloss,"Bold, bouncy, and beautifully unexpected, the Oscar vase is a sculptural standout from the playful Blow Up collection by Home Studyo. Its inflated for...",HOME STUDYO,602,Home & Garden > Decor > Vases,674,Home & Garden > Kitchen & Dining > Tableware > Drinkware,HIGH,96.6,glossy finish,Keyword Match (description),YES,LOW
vase-oscar-bubblegum-gloss-NiYPpf,Vase 'Óscar' Bubblegum Gloss,"Bold, bouncy, and beautifully unexpected, the Oscar vase is a sculptural standout from the playful Blow Up collection by Home Studyo. Its inflated for...",HOME STUDYO,602,Home & Garden > Decor > Vases,674,Home & Garden > Kitchen & Dining > Tableware > Drinkware,HIGH,96.6,glossy finish,Keyword Match (description),YES,LOW
vase-oscar-sky-matte-0TnEkm,Vase 'Óscar' Sky Matte,"Bold, bouncy, and beautifully unexpected, the Oscar vase is a sculptural standout from the playful Blow Up collection by Home Studyo. Its inflated for...",HOME STUDYO,602,Home & Garden > Decor > Vases,602,Home & Garden > Decor > Vases,HIGH,89.4,matte finish,Keyword Match (description),NO,LOW
vivid-vase-Gqxs54,Vivid Vase,"This multi-colored stoneware vase features a bold geometric design with vibrant hues, making it an ideal choice for a unique and lively decor accent.*...",KERSTEN,602,Home & Garden > Decor > Vases,602,Home & Garden > Decor > Vases,HIGH,84.05,vase,Keyword Match (title),NO,LOW
whimsy-jar-PPY9tL,Whimsy Jar,"Add a touch of elegance to your space with this light yellow glass bonbonniere. Featuring a delicate diamond-cut pattern and a vintage-inspired lid, i...",JOY&CO PICKS,674,Home & Garden > Kitchen & Dining > Tableware > Drinkware,674,Home & Garden > Kitchen & Dining > Tableware > Drinkware,HIGH,84.725,jar,Keyword Match (title),NO,LOW
wild-strawberry-can-vase-y0Fgm1,Wild Strawberry Can Vase,"Add a berry-sweet touch with the Wild Strawberry vase. This soft red earthenware piece, shaped like a soda can, features a vintage fruit label and a g...",KERSTEN,602,Home & Garden > Decor > Vases,674,Home & Garden > Kitchen & Dining > Tableware > Drinkware,HIGH,92.6,glossy finish,Keyword Match (description),YES,LOW
wine-chiller-vYnM0O,Wine Chiller,"Make every gathering a little cooler with this hand-painted ceramic bottle chiller. Whether you’re serving sparkling water, juice, wine, or your favor...",VAL POTTERY,674,Home & Garden > Kitchen & Dining > Tableware > Drinkware,674,Home & Garden > Kitchen & Dining > Tableware > Drinkware,HIGH,64.4,bottles,Keyword Match (description),NO,LOW
wire-to-the-moon-Xk0Z0H,Wire to The Moon,This modern and exclusive canvas painting is an eye-catcher for every space. The piece combines a high-quality giclée print with hand-painted accents ...,JOY&CO PICKS,500045,Category 500045,3367,Home & Garden > Decor > Picture Frames,HIGH,65.0,frame,Keyword Match (description),YES,LOW
yellow-scalloped-breakfast-plate-A7zpla,Yellow Scalloped Breakfast Plate,The Yellow Scalloped Breakfast Plate has a fun-living design that effortlessly illuminates your table setting. The hand-painted playful yellow stripes...,ANNA + NINA,3553,Home & Garden > Kitchen & Dining > Tableware > Dinnerware > Plates,3553,Home & Garden > Kitchen & Dining > Tableware > Dinnerware > Plates,HIGH,97.0,dishwasher safe,Keyword Match (description),NO,LOW
ylvie-candle-holder-aLS7Cd,Ylvie Candle Holder,"The Ylvie Candle Holder with its layered sphere silhouette and vibrant terracotta brown glass, adds a modern and stylish touch to any space.Material: ...",WERNS,2784,Home & Garden > Decor > Home Fragrance Accessories > Candle Holders,2784,Home & Garden > Decor > Home Fragrance Accessories > Candle Holders,HIGH,109.85,candle holder,Keyword Match (title),NO,LOW
zigzag-groove-vase-1IcRW8,Zigzag Groove Vase,This bold and playful stoneware vase features a striking geometric shape with wavy handles and hand-painted zigzag details. A statement piece that add...,KERSTEN,602,Home & Garden > Decor > Vases,602,Home & Garden > Decor > Vases,HIGH,83.05,vase,Keyword Match (title),NO,LOW
